;Марка;Модель;Услуга;Регион;URL
0;Acura;;Ремонт системы охлаждения;;/acura/sistema-ohlazhdeniya
1;Acura;CSX;Ремонт системы охлаждения;;/acura/csx/sistema-ohlazhdeniya
2;Acura;MDX;Ремонт системы охлаждения;;/acura/mdx/sistema-ohlazhdeniya
3;Acura;RDX;Ремонт системы охлаждения;;/acura/rdx/sistema-ohlazhdeniya
4;Acura;RL;Ремонт системы охлаждения;;/acura/rl/sistema-ohlazhdeniya
5;Acura;RSX;Ремонт системы охлаждения;;/acura/rsx/sistema-ohlazhdeniya
6;Acura;TL;Ремонт системы охлаждения;;/acura/tl/sistema-ohlazhdeniya
7;Acura;TSX;Ремонт системы охлаждения;;/acura/tsx/sistema-ohlazhdeniya
8;Acura;ZDX;Ремонт системы охлаждения;;/acura/zdx/sistema-ohlazhdeniya
9;Acura;TLX;Ремонт системы охлаждения;;/acura/tlx/sistema-ohlazhdeniya
10;Audi;A1;Ремонт системы охлаждения;;/audi/a1/sistema-ohlazhdeniya
11;Audi;A3;Ремонт системы охлаждения;;/audi/a3/sistema-ohlazhdeniya
12;Audi;A4;Ремонт системы охлаждения;;/audi/a4/sistema-ohlazhdeniya
13;Audi;A5;Ремонт системы охлаждения;;/audi/a5/sistema-ohlazhdeniya
14;Audi;A6;Ремонт системы охлаждения;;/audi/a6/sistema-ohlazhdeniya
15;Audi;A7;Ремонт системы охлаждения;;/audi/a7/sistema-ohlazhdeniya
16;Audi;A8;Ремонт системы охлаждения;;/audi/a8/sistema-ohlazhdeniya
17;Audi;Q3;Ремонт системы охлаждения;;/audi/q3/sistema-ohlazhdeniya
18;Audi;Q5;Ремонт системы охлаждения;;/audi/q5/sistema-ohlazhdeniya
19;Audi;Q7;Ремонт системы охлаждения;;/audi/q7/sistema-ohlazhdeniya
20;Audi;R8;Ремонт системы охлаждения;;/audi/r8/sistema-ohlazhdeniya
21;Audi;RS Q3;Ремонт системы охлаждения;;/audi/rs-q3/sistema-ohlazhdeniya
22;Audi;RS 3;Ремонт системы охлаждения;;/audi/rs-3/sistema-ohlazhdeniya
23;Audi;RS 4;Ремонт системы охлаждения;;/audi/rs-4/sistema-ohlazhdeniya
24;Audi;RS 5;Ремонт системы охлаждения;;/audi/rs-5/sistema-ohlazhdeniya
25;Audi;RS 6;Ремонт системы охлаждения;;/audi/rs-6/sistema-ohlazhdeniya
26;Audi;RS 7;Ремонт системы охлаждения;;/audi/rs-7/sistema-ohlazhdeniya
27;Audi;S3;Ремонт системы охлаждения;;/audi/s3/sistema-ohlazhdeniya
28;Audi;S4;Ремонт системы охлаждения;;/audi/s4/sistema-ohlazhdeniya
29;Audi;S5;Ремонт системы охлаждения;;/audi/s5/sistema-ohlazhdeniya
30;Audi;S6;Ремонт системы охлаждения;;/audi/s6/sistema-ohlazhdeniya
31;Audi;S7;Ремонт системы охлаждения;;/audi/s7/sistema-ohlazhdeniya
32;Audi;S8;Ремонт системы охлаждения;;/audi/s8/sistema-ohlazhdeniya
33;Audi;SQ5;Ремонт системы охлаждения;;/audi/sq5/sistema-ohlazhdeniya
34;Audi;TT;Ремонт системы охлаждения;;/audi/tt/sistema-ohlazhdeniya
35;BMW;i3;Ремонт системы охлаждения;;/bmw/i3/sistema-ohlazhdeniya
36;BMW;i8;Ремонт системы охлаждения;;/bmw/i8/sistema-ohlazhdeniya
37;BMW;X1;Ремонт системы охлаждения;;/bmw/x1/sistema-ohlazhdeniya
38;BMW;X3;Ремонт системы охлаждения;;/bmw/x3/sistema-ohlazhdeniya
39;BMW;X4;Ремонт системы охлаждения;;/bmw/x4/sistema-ohlazhdeniya
40;BMW;X5;Ремонт системы охлаждения;;/bmw/x5/sistema-ohlazhdeniya
41;BMW;X6;Ремонт системы охлаждения;;/bmw/x6/sistema-ohlazhdeniya
42;BMW;Z4;Ремонт системы охлаждения;;/bmw/z4/sistema-ohlazhdeniya
43;BMW;1M;Ремонт системы охлаждения;;/bmw/1m/sistema-ohlazhdeniya
44;BMW;M3;Ремонт системы охлаждения;;/bmw/m3/sistema-ohlazhdeniya
45;BMW;M4;Ремонт системы охлаждения;;/bmw/m4/sistema-ohlazhdeniya
46;BMW;M5;Ремонт системы охлаждения;;/bmw/m5/sistema-ohlazhdeniya
47;BMW;M6;Ремонт системы охлаждения;;/bmw/m6/sistema-ohlazhdeniya
48;BMW;X5 M;Ремонт системы охлаждения;;/bmw/x5-m/sistema-ohlazhdeniya
49;BMW;X6 M;Ремонт системы охлаждения;;/bmw/x6-m/sistema-ohlazhdeniya
50;BMW;Z4 M;Ремонт системы охлаждения;;/bmw/z4-m/sistema-ohlazhdeniya
51;BMW;1-Series;Ремонт системы охлаждения;;/bmw/1-seriya/sistema-ohlazhdeniya
52;BMW;2-Series;Ремонт системы охлаждения;;/bmw/2-seriya/sistema-ohlazhdeniya
53;BMW;2-Series Active Tourer;Ремонт системы охлаждения;;/bmw/2-seriya-active-tourer/sistema-ohlazhdeniya
54;BMW;3-Series;Ремонт системы охлаждения;;/bmw/3-seriya/sistema-ohlazhdeniya
55;BMW;4-Series;Ремонт системы охлаждения;;/bmw/4-seriya/sistema-ohlazhdeniya
56;BMW;5-Series;Ремонт системы охлаждения;;/bmw/5-seriya/sistema-ohlazhdeniya
57;BMW;6-Series;Ремонт системы охлаждения;;/bmw/6-seriya/sistema-ohlazhdeniya
58;BMW;7-Series;Ремонт системы охлаждения;;/bmw/7-seriya/sistema-ohlazhdeniya
59;Chevrolet;;Ремонт системы охлаждения;;/chevrolet/sistema-ohlazhdeniya
60;Chevrolet;Astra;Ремонт системы охлаждения;;/chevrolet/astra/sistema-ohlazhdeniya
61;Chevrolet;Avalanche;Ремонт системы охлаждения;;/chevrolet/avalanche/sistema-ohlazhdeniya
62;Chevrolet;Aveo;Ремонт системы охлаждения;;/chevrolet/aveo-2/sistema-ohlazhdeniya
63;Chevrolet;Blazer;Ремонт системы охлаждения;;/chevrolet/blazer/sistema-ohlazhdeniya
64;Chevrolet;Camaro;Ремонт системы охлаждения;;/chevrolet/camaro/sistema-ohlazhdeniya
65;Chevrolet;Caprice;Ремонт системы охлаждения;;/chevrolet/caprice/sistema-ohlazhdeniya
66;Chevrolet;Captiva;Ремонт системы охлаждения;;/chevrolet/captiva/sistema-ohlazhdeniya
67;Chevrolet;Celta;Ремонт системы охлаждения;;/chevrolet/celta/sistema-ohlazhdeniya
68;Chevrolet;Cobalt;Ремонт системы охлаждения;;/chevrolet/cobalt/sistema-ohlazhdeniya
69;Chevrolet;Colorado;Ремонт системы охлаждения;;/chevrolet/colorado/sistema-ohlazhdeniya
70;Chevrolet;Corsa;Ремонт системы охлаждения;;/chevrolet/corsa/sistema-ohlazhdeniya
71;Chevrolet;Corvette;Ремонт системы охлаждения;;/chevrolet/corvette/sistema-ohlazhdeniya
72;Chevrolet;Cruze;Ремонт системы охлаждения;;/chevrolet/cruze/sistema-ohlazhdeniya
73;Chevrolet;Epica;Ремонт системы охлаждения;;/chevrolet/epica/sistema-ohlazhdeniya
74;Chevrolet;Equinox;Ремонт системы охлаждения;;/chevrolet/equinox/sistema-ohlazhdeniya
75;Chevrolet;Evanda;Ремонт системы охлаждения;;/chevrolet/evanda/sistema-ohlazhdeniya
76;Chevrolet;Express;Ремонт системы охлаждения;;/chevrolet/express/sistema-ohlazhdeniya
77;Chevrolet;HHR;Ремонт системы охлаждения;;/chevrolet/hhr/sistema-ohlazhdeniya
78;Chevrolet;Impala;Ремонт системы охлаждения;;/chevrolet/impala/sistema-ohlazhdeniya
79;Chevrolet;Kalos;Ремонт системы охлаждения;;/chevrolet/kalos-2/sistema-ohlazhdeniya
80;Chevrolet;Lacetti;Ремонт системы охлаждения;;/chevrolet/lacetti/sistema-ohlazhdeniya
81;Chevrolet;Lanos;Ремонт системы охлаждения;;/chevrolet/lanos/sistema-ohlazhdeniya
82;Chevrolet;Lumina;Ремонт системы охлаждения;;/chevrolet/lumina/sistema-ohlazhdeniya
83;Chevrolet;LUV D-MAX;Ремонт системы охлаждения;;/chevrolet/luv-d-max/sistema-ohlazhdeniya
84;Chevrolet;Malibu;Ремонт системы охлаждения;;/chevrolet/malibu/sistema-ohlazhdeniya
85;Chevrolet;Monte Carlo;Ремонт системы охлаждения;;/chevrolet/monte-carlo/sistema-ohlazhdeniya
86;Chevrolet;MW;Ремонт системы охлаждения;;/chevrolet/mw/sistema-ohlazhdeniya
87;Chevrolet;Niva;Ремонт системы охлаждения;;/chevrolet/niva/sistema-ohlazhdeniya
88;Chevrolet;Nubira;Ремонт системы охлаждения;;/chevrolet/nubira-2/sistema-ohlazhdeniya
89;Chevrolet;Omega;Ремонт системы охлаждения;;/chevrolet/omega/sistema-ohlazhdeniya
90;Chevrolet;Orlando;Ремонт системы охлаждения;;/chevrolet/orlando/sistema-ohlazhdeniya
91;Chevrolet;Rezzo;Ремонт системы охлаждения;;/chevrolet/rezzo/sistema-ohlazhdeniya
92;Chevrolet;S-10;Ремонт системы охлаждения;;/chevrolet/s-10/sistema-ohlazhdeniya
93;Chevrolet;Sail;Ремонт системы охлаждения;;/chevrolet/sail/sistema-ohlazhdeniya
94;Chevrolet;Sonic;Ремонт системы охлаждения;;/chevrolet/sonic/sistema-ohlazhdeniya
95;Chevrolet;Spark;Ремонт системы охлаждения;;/chevrolet/spark/sistema-ohlazhdeniya
96;Chevrolet;SSR;Ремонт системы охлаждения;;/chevrolet/ssr/sistema-ohlazhdeniya
97;Chevrolet;Suburban;Ремонт системы охлаждения;;/chevrolet/suburban/sistema-ohlazhdeniya
98;Chevrolet;Tahoe;Ремонт системы охлаждения;;/chevrolet/tahoe/sistema-ohlazhdeniya
99;Chevrolet;Tavera;Ремонт системы охлаждения;;/chevrolet/tavera/sistema-ohlazhdeniya
100;Chevrolet;Tracker;Ремонт системы охлаждения;;/chevrolet/tracker/sistema-ohlazhdeniya
101;Chevrolet;TrailBlazer;Ремонт системы охлаждения;;/chevrolet/trailblazer/sistema-ohlazhdeniya
102;Chevrolet;Trans Sport;Ремонт системы охлаждения;;/chevrolet/trans-sport/sistema-ohlazhdeniya
103;Chevrolet;Traverse;Ремонт системы охлаждения;;/chevrolet/traverse/sistema-ohlazhdeniya
104;Chevrolet;Uplander;Ремонт системы охлаждения;;/chevrolet/uplander/sistema-ohlazhdeniya
105;Chevrolet;Vectra;Ремонт системы охлаждения;;/chevrolet/vectra/sistema-ohlazhdeniya
106;Chevrolet;Venture;Ремонт системы охлаждения;;/chevrolet/venture/sistema-ohlazhdeniya
107;Chevrolet;Viva;Ремонт системы охлаждения;;/chevrolet/viva/sistema-ohlazhdeniya
108;Chevrolet;Volt;Ремонт системы охлаждения;;/chevrolet/volt/sistema-ohlazhdeniya
109;Chevrolet;Zafira;Ремонт системы охлаждения;;/chevrolet/zafira/sistema-ohlazhdeniya
110;Chevrolet;Silverado;Ремонт системы охлаждения;;/chevrolet/silverado/sistema-ohlazhdeniya
111;Chevrolet;Agile;Ремонт системы охлаждения;;/chevrolet/agile/sistema-ohlazhdeniya
112;Chevrolet;Beat;Ремонт системы охлаждения;;/chevrolet/beat/sistema-ohlazhdeniya
113;Chevrolet;Combo;Ремонт системы охлаждения;;/chevrolet/combo/sistema-ohlazhdeniya
114;Chevrolet;Enjoy;Ремонт системы охлаждения;;/chevrolet/enjoy/sistema-ohlazhdeniya
115;Chevrolet;Grand Vitara;Ремонт системы охлаждения;;/chevrolet/grand-vitara/sistema-ohlazhdeniya
116;Chevrolet;Jimny;Ремонт системы охлаждения;;/chevrolet/jimny/sistema-ohlazhdeniya
117;Chevrolet;Lova;Ремонт системы охлаждения;;/chevrolet/lova/sistema-ohlazhdeniya
118;Chevrolet;Matiz;Ремонт системы охлаждения;;/chevrolet/matiz-2/sistema-ohlazhdeniya
119;Chevrolet;Meriva;Ремонт системы охлаждения;;/chevrolet/meriva/sistema-ohlazhdeniya
120;Chevrolet;Montana;Ремонт системы охлаждения;;/chevrolet/montana/sistema-ohlazhdeniya
121;Chevrolet;N200;Ремонт системы охлаждения;;/chevrolet/n200/sistema-ohlazhdeniya
122;Chevrolet;N300;Ремонт системы охлаждения;;/chevrolet/n300/sistema-ohlazhdeniya
123;Chevrolet;Onix;Ремонт системы охлаждения;;/chevrolet/onix/sistema-ohlazhdeniya
124;Chevrolet;Optra;Ремонт системы охлаждения;;/chevrolet/optra/sistema-ohlazhdeniya
125;Chevrolet;Prisma;Ремонт системы охлаждения;;/chevrolet/prisma/sistema-ohlazhdeniya
126;Chevrolet;Spin;Ремонт системы охлаждения;;/chevrolet/spin/sistema-ohlazhdeniya
127;Chevrolet;Tacuma;Ремонт системы охлаждения;;/chevrolet/tacuma-2/sistema-ohlazhdeniya
128;Chevrolet;Tornado;Ремонт системы охлаждения;;/chevrolet/tornado/sistema-ohlazhdeniya
129;Chevrolet;Utility;Ремонт системы охлаждения;;/chevrolet/utility/sistema-ohlazhdeniya
130;Chevrolet;Vitara;Ремонт системы охлаждения;;/chevrolet/vitara/sistema-ohlazhdeniya
131;Chevrolet;Vivant;Ремонт системы охлаждения;;/chevrolet/vivant/sistema-ohlazhdeniya
132;Citroen ;;Ремонт системы охлаждения;;/citroen/sistema-ohlazhdeniya
133;Citroen ;Berlingo;Ремонт системы охлаждения;;/citroen/berlingo/sistema-ohlazhdeniya
134;Citroen ;C-Crosser;Ремонт системы охлаждения;;/citroen/c-crosser/sistema-ohlazhdeniya
135;Citroen ;C-Elysee;Ремонт системы охлаждения;;/citroen/c-elysee/sistema-ohlazhdeniya
136;Citroen ;C1;Ремонт системы охлаждения;;/citroen/c1/sistema-ohlazhdeniya
137;Citroen ;C2;Ремонт системы охлаждения;;/citroen/c2/sistema-ohlazhdeniya
138;Citroen ;C3;Ремонт системы охлаждения;;/citroen/c3/sistema-ohlazhdeniya
139;Citroen ;C3 Picasso;Ремонт системы охлаждения;;/citroen/c3-picasso/sistema-ohlazhdeniya
140;Citroen ;C4 AirCross;Ремонт системы охлаждения;;/citroen/c4-aircross/sistema-ohlazhdeniya
141;Citroen ;C4;Ремонт системы охлаждения;;/citroen/c4/sistema-ohlazhdeniya
142;Citroen ;C4 Picasso;Ремонт системы охлаждения;;/citroen/c4-picasso/sistema-ohlazhdeniya
143;Citroen ;C5;Ремонт системы охлаждения;;/citroen/c5/sistema-ohlazhdeniya
144;Citroen ;C6;Ремонт системы охлаждения;;/citroen/c6/sistema-ohlazhdeniya
145;Citroen ;C8;Ремонт системы охлаждения;;/citroen/c8/sistema-ohlazhdeniya
146;Citroen ;DS3;Ремонт системы охлаждения;;/citroen/ds3/sistema-ohlazhdeniya
147;Citroen ;DS4;Ремонт системы охлаждения;;/citroen/ds4/sistema-ohlazhdeniya
148;Citroen ;DS5;Ремонт системы охлаждения;;/citroen/ds5/sistema-ohlazhdeniya
149;Citroen ;Xantia;Ремонт системы охлаждения;;/citroen/xantia/sistema-ohlazhdeniya
150;Citroen ;XM;Ремонт системы охлаждения;;/citroen/xm/sistema-ohlazhdeniya
151;Citroen ;Xsara Picasso;Ремонт системы охлаждения;;/citroen/xsara-picasso/sistema-ohlazhdeniya
152;Citroen ;Jumpy;Ремонт системы охлаждения;;/citroen/jumpy/sistema-ohlazhdeniya
153;Citroen ;Jumper;Ремонт системы охлаждения;;/citroen/jumper/sistema-ohlazhdeniya
154;Daewoo;;Ремонт системы охлаждения;;/daewoo/sistema-ohlazhdeniya
155;Daewoo;Damas;Ремонт системы охлаждения;;/daewoo/damas/sistema-ohlazhdeniya
156;Daewoo;Evanda;Ремонт системы охлаждения;;/daewoo/evanda-2/sistema-ohlazhdeniya
157;Daewoo;G2X;Ремонт системы охлаждения;;/daewoo/g2x/sistema-ohlazhdeniya
158;Daewoo;Gentra;Ремонт системы охлаждения;;/daewoo/gentra/sistema-ohlazhdeniya
159;Daewoo;Kalos;Ремонт системы охлаждения;;/daewoo/kalos/sistema-ohlazhdeniya
160;Daewoo;Lacetti;Ремонт системы охлаждения;;/daewoo/lacetti-2/sistema-ohlazhdeniya
161;Daewoo;Magnus;Ремонт системы охлаждения;;/daewoo/magnus/sistema-ohlazhdeniya
162;Daewoo;Matiz;Ремонт системы охлаждения;;/daewoo/matiz/sistema-ohlazhdeniya
163;Daewoo;Nexia;Ремонт системы охлаждения;;/daewoo/nexia/sistema-ohlazhdeniya
164;Daewoo;Nubira;Ремонт системы охлаждения;;/daewoo/nubira/sistema-ohlazhdeniya
165;Daewoo;Rezzo;Ремонт системы охлаждения;;/daewoo/rezzo-2/sistema-ohlazhdeniya
166;Daewoo;Tosca;Ремонт системы охлаждения;;/daewoo/tosca/sistema-ohlazhdeniya
167;Daewoo;Winstorm;Ремонт системы охлаждения;;/daewoo/winstorm/sistema-ohlazhdeniya
168;Daewoo;Sens;Ремонт системы охлаждения;;/daewoo/sens/sistema-ohlazhdeniya
169;Dodge;;Ремонт системы охлаждения;;/dodge/sistema-ohlazhdeniya
170;Dodge;Avenger;Ремонт системы охлаждения;;/dodge/avenger/sistema-ohlazhdeniya
171;Dodge;Caliber;Ремонт системы охлаждения;;/dodge/caliber/sistema-ohlazhdeniya
172;Dodge;Caravan;Ремонт системы охлаждения;;/dodge/caravan/sistema-ohlazhdeniya
173;Dodge;Challenger;Ремонт системы охлаждения;;/dodge/challenger/sistema-ohlazhdeniya
174;Dodge;Charger;Ремонт системы охлаждения;;/dodge/charger/sistema-ohlazhdeniya
175;Dodge;Dakota;Ремонт системы охлаждения;;/dodge/dakota/sistema-ohlazhdeniya
176;Dodge;Durango;Ремонт системы охлаждения;;/dodge/durango/sistema-ohlazhdeniya
177;Dodge;Journey;Ремонт системы охлаждения;;/dodge/journey/sistema-ohlazhdeniya
178;Dodge;Magnum;Ремонт системы охлаждения;;/dodge/magnum/sistema-ohlazhdeniya
179;Dodge;Neon;Ремонт системы охлаждения;;/dodge/neon/sistema-ohlazhdeniya
180;Dodge;Nitro;Ремонт системы охлаждения;;/dodge/nitro/sistema-ohlazhdeniya
181;Dodge;Ram;Ремонт системы охлаждения;;/dodge/ram/sistema-ohlazhdeniya
182;Dodge;Stratus;Ремонт системы охлаждения;;/dodge/stratus/sistema-ohlazhdeniya
183;Dodge;Viper;Ремонт системы охлаждения;;/dodge/viper/sistema-ohlazhdeniya
184;Fiat;;Ремонт системы охлаждения;;/fiat/sistema-ohlazhdeniya
185;Fiat;500;Ремонт системы охлаждения;;/fiat/500/sistema-ohlazhdeniya
186;Fiat;500L;Ремонт системы охлаждения;;/fiat/500l/sistema-ohlazhdeniya
187;Fiat;600;Ремонт системы охлаждения;;/fiat/600/sistema-ohlazhdeniya
188;Fiat;Albea;Ремонт системы охлаждения;;/fiat/albea/sistema-ohlazhdeniya
189;Fiat;Bravo;Ремонт системы охлаждения;;/fiat/bravo/sistema-ohlazhdeniya
190;Fiat;Croma;Ремонт системы охлаждения;;/fiat/croma/sistema-ohlazhdeniya
191;Fiat;Doblo;Ремонт системы охлаждения;;/fiat/doblo/sistema-ohlazhdeniya
192;Fiat;Fiorino;Ремонт системы охлаждения;;/fiat/fiorino/sistema-ohlazhdeniya
193;Fiat;Freemont;Ремонт системы охлаждения;;/fiat/freemont/sistema-ohlazhdeniya
194;Fiat;Idea;Ремонт системы охлаждения;;/fiat/idea/sistema-ohlazhdeniya
195;Fiat;Linea;Ремонт системы охлаждения;;/fiat/linea/sistema-ohlazhdeniya
196;Fiat;Multipla;Ремонт системы охлаждения;;/fiat/multipla/sistema-ohlazhdeniya
197;Fiat;Palio;Ремонт системы охлаждения;;/fiat/palio/sistema-ohlazhdeniya
198;Fiat;Panda;Ремонт системы охлаждения;;/fiat/panda/sistema-ohlazhdeniya
199;Fiat;Punto;Ремонт системы охлаждения;;/fiat/punto/sistema-ohlazhdeniya
200;Fiat;Sedici;Ремонт системы охлаждения;;/fiat/sedici/sistema-ohlazhdeniya
201;Fiat;Siena;Ремонт системы охлаждения;;/fiat/siena/sistema-ohlazhdeniya
202;Fiat;Stilo;Ремонт системы охлаждения;;/fiat/stilo/sistema-ohlazhdeniya
203;Fiat;Ulysse;Ремонт системы охлаждения;;/fiat/ulysse/sistema-ohlazhdeniya
204;Fiat;Scudo;Ремонт системы охлаждения;;/fiat/scudo/sistema-ohlazhdeniya
205;Fiat;Ducato;Ремонт системы охлаждения;;/fiat/ducato/sistema-ohlazhdeniya
206;Ford;;Ремонт системы охлаждения;;/ford/sistema-ohlazhdeniya
207;Ford;C-Max;Ремонт системы охлаждения;;/ford/c-max/sistema-ohlazhdeniya
208;Ford;Crown Victoria;Ремонт системы охлаждения;;/ford/crown-victoria/sistema-ohlazhdeniya
209;Ford;EcoSport;Ремонт системы охлаждения;;/ford/ecosport/sistema-ohlazhdeniya
210;Ford;Edge;Ремонт системы охлаждения;;/ford/edge/sistema-ohlazhdeniya
211;Ford;Escape;Ремонт системы охлаждения;;/ford/escape/sistema-ohlazhdeniya
212;Ford;Expedition;Ремонт системы охлаждения;;/ford/expedition/sistema-ohlazhdeniya
213;Ford;Explorer;Ремонт системы охлаждения;;/ford/explorer/sistema-ohlazhdeniya
214;Ford;Fiesta;Ремонт системы охлаждения;;/ford/fiesta/sistema-ohlazhdeniya
215;Ford;Five Hundred;Ремонт системы охлаждения;;/ford/five-hundred/sistema-ohlazhdeniya
216;Ford;Flex;Ремонт системы охлаждения;;/ford/flex/sistema-ohlazhdeniya
217;Ford;Focus;Ремонт системы охлаждения;;/ford/focus/sistema-ohlazhdeniya
218;Ford;Freestyle;Ремонт системы охлаждения;;/ford/freestyle/sistema-ohlazhdeniya
219;Ford;Fusion;Ремонт системы охлаждения;;/ford/fusion/sistema-ohlazhdeniya
220;Ford;Galaxy;Ремонт системы охлаждения;;/ford/galaxy/sistema-ohlazhdeniya
221;Ford;GT;Ремонт системы охлаждения;;/ford/gt-2/sistema-ohlazhdeniya
222;Ford;Ka;Ремонт системы охлаждения;;/ford/ka/sistema-ohlazhdeniya
223;Ford;Kuga;Ремонт системы охлаждения;;/ford/kuga/sistema-ohlazhdeniya
224;Ford;Maverick;Ремонт системы охлаждения;;/ford/maverick/sistema-ohlazhdeniya
225;Ford;Mondeo;Ремонт системы охлаждения;;/ford/mondeo/sistema-ohlazhdeniya
226;Ford;Mustang;Ремонт системы охлаждения;;/ford/mustang/sistema-ohlazhdeniya
227;Ford;Ranger;Ремонт системы охлаждения;;/ford/ranger/sistema-ohlazhdeniya
228;Ford;S-Max;Ремонт системы охлаждения;;/ford/s-max/sistema-ohlazhdeniya
229;Ford;Taurus;Ремонт системы охлаждения;;/ford/taurus/sistema-ohlazhdeniya
230;Ford;Taurus X;Ремонт системы охлаждения;;/ford/taurus-x/sistema-ohlazhdeniya
231;Ford;Tourneo Connect;Ремонт системы охлаждения;;/ford/tourneo-connect/sistema-ohlazhdeniya
232;Ford;Tourneo Custom;Ремонт системы охлаждения;;/ford/tourneo-custom/sistema-ohlazhdeniya
233;Ford;Explorer Sport Trac;Ремонт системы охлаждения;;/ford/explorer-sport-trac/sistema-ohlazhdeniya
234;Ford;Transit Custom;Ремонт системы охлаждения;;/ford/transit-custom/sistema-ohlazhdeniya
235;Ford;E-Series;Ремонт системы охлаждения;;/ford/e-series/sistema-ohlazhdeniya
236;Ford;F-Series;Ремонт системы охлаждения;;/ford/f-series/sistema-ohlazhdeniya
237;Ford;Grand C-Max;Ремонт системы охлаждения;;/ford/grand-c-max/sistema-ohlazhdeniya
238;Ford;Shelby;Ремонт системы охлаждения;;/ford/shelby/sistema-ohlazhdeniya
239;Ford;Transit;Ремонт системы охлаждения;;/ford/transit/sistema-ohlazhdeniya
240;Ford;Transit Connect;Ремонт системы охлаждения;;/ford/transit-connect/sistema-ohlazhdeniya
241;Honda;;Ремонт системы охлаждения;;/honda/sistema-ohlazhdeniya
242;Honda;Accord;Ремонт системы охлаждения;;/honda/accord/sistema-ohlazhdeniya
243;Honda;Airwave;Ремонт системы охлаждения;;/honda/airwave/sistema-ohlazhdeniya
244;Honda;City;Ремонт системы охлаждения;;/honda/city/sistema-ohlazhdeniya
245;Honda;Civic;Ремонт системы охлаждения;;/honda/civic/sistema-ohlazhdeniya
246;Honda;CR-V;Ремонт системы охлаждения;;/honda/cr-v/sistema-ohlazhdeniya
247;Honda;CR-Z;Ремонт системы охлаждения;;/honda/cr-z/sistema-ohlazhdeniya
248;Honda;Crossroad;Ремонт системы охлаждения;;/honda/crossroad/sistema-ohlazhdeniya
249;Honda;Crosstour;Ремонт системы охлаждения;;/honda/crosstour/sistema-ohlazhdeniya
250;Honda;Edix;Ремонт системы охлаждения;;/honda/edix/sistema-ohlazhdeniya
251;Honda;Element;Ремонт системы охлаждения;;/honda/element/sistema-ohlazhdeniya
252;Honda;Elysion;Ремонт системы охлаждения;;/honda/elysion/sistema-ohlazhdeniya
253;Honda;Fit Aria;Ремонт системы охлаждения;;/honda/fit-aria/sistema-ohlazhdeniya
254;Honda;Fit;Ремонт системы охлаждения;;/honda/fit/sistema-ohlazhdeniya
255;Honda;FR-V;Ремонт системы охлаждения;;/honda/fr-v/sistema-ohlazhdeniya
256;Honda;Freed;Ремонт системы охлаждения;;/honda/freed/sistema-ohlazhdeniya
257;Honda;HR-V;Ремонт системы охлаждения;;/honda/hr-v/sistema-ohlazhdeniya
258;Honda;Insight;Ремонт системы охлаждения;;/honda/insight/sistema-ohlazhdeniya
259;Honda;Inspire;Ремонт системы охлаждения;;/honda/inspire/sistema-ohlazhdeniya
260;Honda;Integra;Ремонт системы охлаждения;;/honda/integra-2/sistema-ohlazhdeniya
261;Honda;Jazz;Ремонт системы охлаждения;;/honda/jazz/sistema-ohlazhdeniya
262;Honda;Legend;Ремонт системы охлаждения;;/honda/legend/sistema-ohlazhdeniya
263;Honda;Life;Ремонт системы охлаждения;;/honda/life/sistema-ohlazhdeniya
264;Honda;Mobilio;Ремонт системы охлаждения;;/honda/mobilio/sistema-ohlazhdeniya
265;Honda;Odyssey;Ремонт системы охлаждения;;/honda/odyssey/sistema-ohlazhdeniya
266;Honda;Partner;Ремонт системы охлаждения;;/honda/partner/sistema-ohlazhdeniya
267;Honda;Pilot;Ремонт системы охлаждения;;/honda/pilot/sistema-ohlazhdeniya
268;Honda;Ridgeline;Ремонт системы охлаждения;;/honda/ridgeline/sistema-ohlazhdeniya
269;Honda;S2000;Ремонт системы охлаждения;;/honda/s2000/sistema-ohlazhdeniya
270;Honda;Stepwgn;Ремонт системы охлаждения;;/honda/stepwgn/sistema-ohlazhdeniya
271;Honda;Stream;Ремонт системы охлаждения;;/honda/stream/sistema-ohlazhdeniya
272;Honda;That's;Ремонт системы охлаждения;;/honda/thats/sistema-ohlazhdeniya
273;Honda;Vamos;Ремонт системы охлаждения;;/honda/vamos/sistema-ohlazhdeniya
274;Honda;Fit Shuttle;Ремонт системы охлаждения;;/honda/fit-shuttle/sistema-ohlazhdeniya
275;Honda;Mobilio Spike;Ремонт системы охлаждения;;/honda/mobilio-spike/sistema-ohlazhdeniya
276;Hyundai;;Ремонт системы охлаждения;;/hyundai/sistema-ohlazhdeniya
277;Hyundai;Accent;Ремонт системы охлаждения;;/hyundai/accent/sistema-ohlazhdeniya
278;Hyundai;Avante;Ремонт системы охлаждения;;/hyundai/avante/sistema-ohlazhdeniya
279;Hyundai;Centennial;Ремонт системы охлаждения;;/hyundai/centennial/sistema-ohlazhdeniya
280;Hyundai;Coupe;Ремонт системы охлаждения;;/hyundai/coupe-2/sistema-ohlazhdeniya
281;Hyundai;Elantra;Ремонт системы охлаждения;;/hyundai/elantra/sistema-ohlazhdeniya
282;Hyundai;Equus;Ремонт системы охлаждения;;/hyundai/equus/sistema-ohlazhdeniya
283;Hyundai;Genesis;Ремонт системы охлаждения;;/hyundai/genesis/sistema-ohlazhdeniya
284;Hyundai;Getz;Ремонт системы охлаждения;;/hyundai/getz/sistema-ohlazhdeniya
285;Hyundai;Grandeur;Ремонт системы охлаждения;;/hyundai/grandeur/sistema-ohlazhdeniya
286;Hyundai;i10;Ремонт системы охлаждения;;/hyundai/i10/sistema-ohlazhdeniya
287;Hyundai;i20;Ремонт системы охлаждения;;/hyundai/i20/sistema-ohlazhdeniya
288;Hyundai;i30;Ремонт системы охлаждения;;/hyundai/i30/sistema-ohlazhdeniya
289;Hyundai;i40;Ремонт системы охлаждения;;/hyundai/i40/sistema-ohlazhdeniya
290;Hyundai;ix20;Ремонт системы охлаждения;;/hyundai/ix20/sistema-ohlazhdeniya
291;Hyundai;ix35;Ремонт системы охлаждения;;/hyundai/ix35/sistema-ohlazhdeniya
292;Hyundai;ix55;Ремонт системы охлаждения;;/hyundai/ix55/sistema-ohlazhdeniya
293;Hyundai;Lavita;Ремонт системы охлаждения;;/hyundai/lavita/sistema-ohlazhdeniya
294;Hyundai;Matrix;Ремонт системы охлаждения;;/hyundai/matrix/sistema-ohlazhdeniya
295;Hyundai;Santa Fe;Ремонт системы охлаждения;;/hyundai/santa-fe/sistema-ohlazhdeniya
296;Hyundai;Solaris;Ремонт системы охлаждения;;/hyundai/solaris/sistema-ohlazhdeniya
297;Hyundai;Sonata;Ремонт системы охлаждения;;/hyundai/sonata/sistema-ohlazhdeniya
298;Hyundai;H-1;Ремонт системы охлаждения;;/hyundai/h-1/sistema-ohlazhdeniya
299;Hyundai;Terracan;Ремонт системы охлаждения;;/hyundai/terracan/sistema-ohlazhdeniya
300;Hyundai;Tiburon;Ремонт системы охлаждения;;/hyundai/tiburon/sistema-ohlazhdeniya
301;Hyundai;Trajet;Ремонт системы охлаждения;;/hyundai/trajet/sistema-ohlazhdeniya
302;Hyundai;Tucson;Ремонт системы охлаждения;;/hyundai/tucson/sistema-ohlazhdeniya
303;Hyundai;Tuscani;Ремонт системы охлаждения;;/hyundai/tuscani/sistema-ohlazhdeniya
304;Hyundai;Veloster;Ремонт системы охлаждения;;/hyundai/veloster/sistema-ohlazhdeniya
305;Hyundai;Veracruz;Ремонт системы охлаждения;;/hyundai/veracruz/sistema-ohlazhdeniya
306;Hyundai;Verna;Ремонт системы охлаждения;;/hyundai/verna/sistema-ohlazhdeniya
307;Hyundai;Creta;Ремонт системы охлаждения;;/hyundai/creta/sistema-ohlazhdeniya
308;Hyundai;Entourage;Ремонт системы охлаждения;;/hyundai/entourage/sistema-ohlazhdeniya
309;Hyundai;Amica;Ремонт системы охлаждения;;/hyundai/amica/sistema-ohlazhdeniya
310;Hyundai;Atos Prime;Ремонт системы охлаждения;;/hyundai/atos-prime/sistema-ohlazhdeniya
311;Hyundai;Azera;Ремонт системы охлаждения;;/hyundai/azera/sistema-ohlazhdeniya
312;Hyundai;Click;Ремонт системы охлаждения;;/hyundai/click/sistema-ohlazhdeniya
313;Hyundai;Elantra GT;Ремонт системы охлаждения;;/hyundai/elantra-gt/sistema-ohlazhdeniya
314;Hyundai;Elantra Touring;Ремонт системы охлаждения;;/hyundai/elantra-touring/sistema-ohlazhdeniya
315;Hyundai;Eon;Ремонт системы охлаждения;;/hyundai/eon/sistema-ohlazhdeniya
316;Hyundai;Grand Avega;Ремонт системы охлаждения;;/hyundai/grand-avega/sistema-ohlazhdeniya
317;Hyundai;H-100;Ремонт системы охлаждения;;/hyundai/h-100/sistema-ohlazhdeniya
318;Hyundai;HB20;Ремонт системы охлаждения;;/hyundai/hb20/sistema-ohlazhdeniya
319;Hyundai;i45;Ремонт системы охлаждения;;/hyundai/i45/sistema-ohlazhdeniya
320;Hyundai;i800;Ремонт системы охлаждения;;/hyundai/i800/sistema-ohlazhdeniya
321;Hyundai;iLoad;Ремонт системы охлаждения;;/hyundai/iload/sistema-ohlazhdeniya
322;Hyundai;iMax;Ремонт системы охлаждения;;/hyundai/imax/sistema-ohlazhdeniya
323;Hyundai;NF;Ремонт системы охлаждения;;/hyundai/nf/sistema-ohlazhdeniya
324;Hyundai;Porter;Ремонт системы охлаждения;;/hyundai/porter/sistema-ohlazhdeniya
325;Hyundai;Rohens;Ремонт системы охлаждения;;/hyundai/rohens/sistema-ohlazhdeniya
326;Hyundai;Satellite;Ремонт системы охлаждения;;/hyundai/satellite/sistema-ohlazhdeniya
327;Hyundai;Starex;Ремонт системы охлаждения;;/hyundai/starex/sistema-ohlazhdeniya
328;Hyundai;TB;Ремонт системы охлаждения;;/hyundai/tb/sistema-ohlazhdeniya
329;Hyundai;Trajet XG;Ремонт системы охлаждения;;/hyundai/trajet-xg/sistema-ohlazhdeniya
330;Hyundai;Tucson ix;Ремонт системы охлаждения;;/hyundai/tucson-ix/sistema-ohlazhdeniya
331;Infiniti;;Ремонт системы охлаждения;;/infiniti/sistema-ohlazhdeniya
332;Infiniti;EX-Series;Ремонт системы охлаждения;;/infiniti/ex-series/sistema-ohlazhdeniya
333;Infiniti;FX-Series;Ремонт системы охлаждения;;/infiniti/fx-series/sistema-ohlazhdeniya
334;Infiniti;G-Series;Ремонт системы охлаждения;;/infiniti/g-series/sistema-ohlazhdeniya
335;Infiniti;JX-Series;Ремонт системы охлаждения;;/infiniti/jx-series/sistema-ohlazhdeniya
336;Infiniti;M-Series;Ремонт системы охлаждения;;/infiniti/m-series/sistema-ohlazhdeniya
337;Infiniti;Q45;Ремонт системы охлаждения;;/infiniti/q45/sistema-ohlazhdeniya
338;Infiniti;Q50;Ремонт системы охлаждения;;/infiniti/q50/sistema-ohlazhdeniya
339;Infiniti;Q60;Ремонт системы охлаждения;;/infiniti/q60/sistema-ohlazhdeniya
340;Infiniti;QX-Series;Ремонт системы охлаждения;;/infiniti/qx-series/sistema-ohlazhdeniya
341;Infiniti;QX50;Ремонт системы охлаждения;;/infiniti/qx50/sistema-ohlazhdeniya
342;Infiniti;QX60;Ремонт системы охлаждения;;/infiniti/qx60/sistema-ohlazhdeniya
343;Infiniti;QX70;Ремонт системы охлаждения;;/infiniti/qx70/sistema-ohlazhdeniya
344;Infiniti;QX80;Ремонт системы охлаждения;;/infiniti/qx80/sistema-ohlazhdeniya
345;Infiniti;Q70;Ремонт системы охлаждения;;/infiniti/q70/sistema-ohlazhdeniya
346;Infiniti;I-Series;Ремонт системы охлаждения;;/infiniti/i-series/sistema-ohlazhdeniya
347;Jeep;;Ремонт системы охлаждения;;/jeep/sistema-ohlazhdeniya
348;Jeep;Cherokee;Ремонт системы охлаждения;;/jeep/cherokee/sistema-ohlazhdeniya
349;Jeep;Commander;Ремонт системы охлаждения;;/jeep/commander/sistema-ohlazhdeniya
350;Jeep;Compass;Ремонт системы охлаждения;;/jeep/compass/sistema-ohlazhdeniya
351;Jeep;Grand Cherokee;Ремонт системы охлаждения;;/jeep/grand-cherokee/sistema-ohlazhdeniya
352;Jeep;Liberty;Ремонт системы охлаждения;;/jeep/liberty/sistema-ohlazhdeniya
353;Jeep;Patriot;Ремонт системы охлаждения;;/jeep/patriot/sistema-ohlazhdeniya
354;Jeep;Wrangler;Ремонт системы охлаждения;;/jeep/wrangler/sistema-ohlazhdeniya
355;Jeep;Renegade;Ремонт системы охлаждения;;/jeep/renegade/sistema-ohlazhdeniya
356;Kia;;Ремонт системы охлаждения;;/kia/sistema-ohlazhdeniya
357;Kia;Cadenza;Ремонт системы охлаждения;;/kia/cadenza/sistema-ohlazhdeniya
358;Kia;Carens;Ремонт системы охлаждения;;/kia/carens/sistema-ohlazhdeniya
359;Kia;Carnival;Ремонт системы охлаждения;;/kia/carnival/sistema-ohlazhdeniya
360;Kia;Cee'd;Ремонт системы охлаждения;;/kia/ceed/sistema-ohlazhdeniya
361;Kia;Cerato;Ремонт системы охлаждения;;/kia/cerato/sistema-ohlazhdeniya
362;Kia;Magentis;Ремонт системы охлаждения;;/kia/magentis/sistema-ohlazhdeniya
363;Kia;Opirus;Ремонт системы охлаждения;;/kia/opirus/sistema-ohlazhdeniya
364;Kia;Optima;Ремонт системы охлаждения;;/kia/optima/sistema-ohlazhdeniya
365;Kia;Picanto;Ремонт системы охлаждения;;/kia/picanto/sistema-ohlazhdeniya
366;Kia;Pride;Ремонт системы охлаждения;;/kia/pride/sistema-ohlazhdeniya
367;Kia;Quoris;Ремонт системы охлаждения;;/kia/quoris/sistema-ohlazhdeniya
368;Kia;Ray;Ремонт системы охлаждения;;/kia/ray/sistema-ohlazhdeniya
369;Kia;Rio;Ремонт системы охлаждения;;/kia/rio/sistema-ohlazhdeniya
370;Kia;Sedona;Ремонт системы охлаждения;;/kia/sedona/sistema-ohlazhdeniya
371;Kia;Shuma;Ремонт системы охлаждения;;/kia/shuma/sistema-ohlazhdeniya
372;Kia;Sorento;Ремонт системы охлаждения;;/kia/sorento/sistema-ohlazhdeniya
373;Kia;Soul;Ремонт системы охлаждения;;/kia/soul/sistema-ohlazhdeniya
374;Kia;Spectra;Ремонт системы охлаждения;;/kia/spectra/sistema-ohlazhdeniya
375;Kia;Sportage;Ремонт системы охлаждения;;/kia/sportage/sistema-ohlazhdeniya
376;Kia;Venga;Ремонт системы охлаждения;;/kia/venga/sistema-ohlazhdeniya
377;Kia;Amanti;Ремонт системы охлаждения;;/kia/amanti/sistema-ohlazhdeniya
378;Kia;Bongo;Ремонт системы охлаждения;;/kia/bongo/sistema-ohlazhdeniya
379;Kia;Forte;Ремонт системы охлаждения;;/kia/forte/sistema-ohlazhdeniya
380;Kia;K2;Ремонт системы охлаждения;;/kia/k2/sistema-ohlazhdeniya
381;Kia;K3;Ремонт системы охлаждения;;/kia/k3/sistema-ohlazhdeniya
382;Kia;K5;Ремонт системы охлаждения;;/kia/k5/sistema-ohlazhdeniya
383;Kia;K7;Ремонт системы охлаждения;;/kia/k7/sistema-ohlazhdeniya
384;Kia;K9;Ремонт системы охлаждения;;/kia/k9/sistema-ohlazhdeniya
385;Kia;Lotze;Ремонт системы охлаждения;;/kia/lotze/sistema-ohlazhdeniya
386;Kia;Mohave;Ремонт системы охлаждения;;/kia/mohave/sistema-ohlazhdeniya
387;Kia;Morning;Ремонт системы охлаждения;;/kia/morning/sistema-ohlazhdeniya
388;Kia;Pregio;Ремонт системы охлаждения;;/kia/pregio/sistema-ohlazhdeniya
389;Kia;Rondo;Ремонт системы охлаждения;;/kia/rondo/sistema-ohlazhdeniya
390;Land Rover;;Ремонт системы охлаждения;;/land-rover/sistema-ohlazhdeniya
391;Land Rover;Defender;Ремонт системы охлаждения;;/land-rover/defender/sistema-ohlazhdeniya
392;Land Rover;Discovery;Ремонт системы охлаждения;;/land-rover/discovery/sistema-ohlazhdeniya
393;Land Rover;Freelander;Ремонт системы охлаждения;;/land-rover/freelander/sistema-ohlazhdeniya
394;Land Rover;Range Rover Evoque;Ремонт системы охлаждения;;/land-rover/range-rover-evoque/sistema-ohlazhdeniya
395;Land Rover;Range Rover;Ремонт системы охлаждения;;/land-rover/range-rover/sistema-ohlazhdeniya
396;Land Rover;Range Rover Sport;Ремонт системы охлаждения;;/land-rover/range-rover-sport/sistema-ohlazhdeniya
397;Land Rover;Discovery Sport;Ремонт системы охлаждения;;/land-rover/discovery-sport/sistema-ohlazhdeniya
398;Lexus;;Ремонт системы охлаждения;;/lexus/sistema-ohlazhdeniya
399;Lexus;CT;Ремонт системы охлаждения;;/lexus/ct/sistema-ohlazhdeniya
400;Lexus;ES;Ремонт системы охлаждения;;/lexus/es/sistema-ohlazhdeniya
401;Lexus;GS;Ремонт системы охлаждения;;/lexus/gs/sistema-ohlazhdeniya
402;Lexus;GX;Ремонт системы охлаждения;;/lexus/gx/sistema-ohlazhdeniya
403;Lexus;HS;Ремонт системы охлаждения;;/lexus/hs/sistema-ohlazhdeniya
404;Lexus;IS;Ремонт системы охлаждения;;/lexus/is/sistema-ohlazhdeniya
405;Lexus;LS;Ремонт системы охлаждения;;/lexus/ls/sistema-ohlazhdeniya
406;Lexus;LX;Ремонт системы охлаждения;;/lexus/lx/sistema-ohlazhdeniya
407;Lexus;RC;Ремонт системы охлаждения;;/lexus/rc/sistema-ohlazhdeniya
408;Lexus;RX;Ремонт системы охлаждения;;/lexus/rx/sistema-ohlazhdeniya
409;Lexus;SC;Ремонт системы охлаждения;;/lexus/sc/sistema-ohlazhdeniya
410;Lexus;NX;Ремонт системы охлаждения;;/lexus/nx/sistema-ohlazhdeniya
411;Mazda;;Ремонт системы охлаждения;;/mazda/sistema-ohlazhdeniya
412;Mazda;2;Ремонт системы охлаждения;;/mazda/2/sistema-ohlazhdeniya
413;Mazda;3;Ремонт системы охлаждения;;/mazda/3/sistema-ohlazhdeniya
414;Mazda;323;Ремонт системы охлаждения;;/mazda/323/sistema-ohlazhdeniya
415;Mazda;5;Ремонт системы охлаждения;;/mazda/5/sistema-ohlazhdeniya
416;Mazda;6;Ремонт системы охлаждения;;/mazda/6/sistema-ohlazhdeniya
417;Mazda;Atenza;Ремонт системы охлаждения;;/mazda/atenza/sistema-ohlazhdeniya
418;Mazda;Axela;Ремонт системы охлаждения;;/mazda/axela/sistema-ohlazhdeniya
419;Mazda;AZ-Wagon;Ремонт системы охлаждения;;/mazda/az-wagon/sistema-ohlazhdeniya
420;Mazda;B-Series;Ремонт системы охлаждения;;/mazda/b-series/sistema-ohlazhdeniya
421;Mazda;Biante;Ремонт системы охлаждения;;/mazda/biante/sistema-ohlazhdeniya
422;Mazda;Bongo Friendee;Ремонт системы охлаждения;;/mazda/bongo-friendee/sistema-ohlazhdeniya
423;Mazda;Bongo;Ремонт системы охлаждения;;/mazda/bongo-2/sistema-ohlazhdeniya
424;Mazda;BT-50;Ремонт системы охлаждения;;/mazda/bt-50/sistema-ohlazhdeniya
425;Mazda;Carol;Ремонт системы охлаждения;;/mazda/carol/sistema-ohlazhdeniya
426;Mazda;CX-5;Ремонт системы охлаждения;;/mazda/cx-5/sistema-ohlazhdeniya
427;Mazda;CX-7;Ремонт системы охлаждения;;/mazda/cx-7/sistema-ohlazhdeniya
428;Mazda;CX-9;Ремонт системы охлаждения;;/mazda/cx-9/sistema-ohlazhdeniya
429;Mazda;Demio;Ремонт системы охлаждения;;/mazda/demio/sistema-ohlazhdeniya
430;Mazda;Laputa;Ремонт системы охлаждения;;/mazda/laputa/sistema-ohlazhdeniya
431;Mazda;MPV;Ремонт системы охлаждения;;/mazda/mpv/sistema-ohlazhdeniya
432;Mazda;MX-5;Ремонт системы охлаждения;;/mazda/mx-5/sistema-ohlazhdeniya
433;Mazda;Premacy;Ремонт системы охлаждения;;/mazda/premacy/sistema-ohlazhdeniya
434;Mazda;RX-8;Ремонт системы охлаждения;;/mazda/rx-8/sistema-ohlazhdeniya
435;Mazda;Spiano;Ремонт системы охлаждения;;/mazda/spiano/sistema-ohlazhdeniya
436;Mazda;Tribute;Ремонт системы охлаждения;;/mazda/tribute/sistema-ohlazhdeniya
437;Mazda;Verisa;Ремонт системы охлаждения;;/mazda/verisa/sistema-ohlazhdeniya
438;Mazda;Flair;Ремонт системы охлаждения;;/mazda/flair/sistema-ohlazhdeniya
439;Mazda;Levante;Ремонт системы охлаждения;;/mazda/levante/sistema-ohlazhdeniya
440;Mazda;Titan;Ремонт системы охлаждения;;/mazda/titan/sistema-ohlazhdeniya
441;Mercedes-Benz;;Ремонт системы охлаждения;;/mercedes-benz/sistema-ohlazhdeniya
442;Mercedes-Benz;Citan;Ремонт системы охлаждения;;/mercedes-benz/citan/sistema-ohlazhdeniya
443;Mercedes-Benz;SLS AMG;Ремонт системы охлаждения;;/mercedes-benz/sls-amg/sistema-ohlazhdeniya
444;Mercedes-Benz;Viano;Ремонт системы охлаждения;;/mercedes-benz/viano/sistema-ohlazhdeniya
445;Mercedes-Benz;Vito;Ремонт системы охлаждения;;/mercedes-benz/vito/sistema-ohlazhdeniya
446;Mercedes-Benz;AMG GT;Ремонт системы охлаждения;;/mercedes-benz/amg-gt/sistema-ohlazhdeniya
447;Mercedes-Benz;GLE-Класс;Ремонт системы охлаждения;;/mercedes-benz/gle-klass/sistema-ohlazhdeniya
448;Mercedes-Benz;GLC-Класс;Ремонт системы охлаждения;;/mercedes-benz/glc-klass/sistema-ohlazhdeniya
449;Mercedes-Benz;A-Class;Ремонт системы охлаждения;;/mercedes-benz/a-klass/sistema-ohlazhdeniya
450;Mercedes-Benz;B-Class;Ремонт системы охлаждения;;/mercedes-benz/b-klass/sistema-ohlazhdeniya
451;Mercedes-Benz;CLA-Class;Ремонт системы охлаждения;;/mercedes-benz/cla-klass/sistema-ohlazhdeniya
452;Mercedes-Benz;CLC-Class;Ремонт системы охлаждения;;/mercedes-benz/clc-klass/sistema-ohlazhdeniya
453;Mercedes-Benz;CLK-Класс;Ремонт системы охлаждения;;/mercedes-benz/clk-klass/sistema-ohlazhdeniya
454;Mercedes-Benz;CLS-Class;Ремонт системы охлаждения;;/mercedes-benz/cls-klass/sistema-ohlazhdeniya
455;Mercedes-Benz;CL-Class;Ремонт системы охлаждения;;/mercedes-benz/cl-klass/sistema-ohlazhdeniya
456;Mercedes-Benz;C-Class;Ремонт системы охлаждения;;/mercedes-benz/c-klass/sistema-ohlazhdeniya
457;Mercedes-Benz;E-Class;Ремонт системы охлаждения;;/mercedes-benz/e-klass/sistema-ohlazhdeniya
458;Mercedes-Benz;GLA-Class;Ремонт системы охлаждения;;/mercedes-benz/gla-klass/sistema-ohlazhdeniya
459;Mercedes-Benz;GLK-Class;Ремонт системы охлаждения;;/mercedes-benz/glk-klass/sistema-ohlazhdeniya
460;Mercedes-Benz;GLS-Class;Ремонт системы охлаждения;;/mercedes-benz/gls-klass/sistema-ohlazhdeniya
461;Mercedes-Benz;GL-Class;Ремонт системы охлаждения;;/mercedes-benz/gl-klass/sistema-ohlazhdeniya
462;Mercedes-Benz;G-Class;Ремонт системы охлаждения;;/mercedes-benz/g-klass/sistema-ohlazhdeniya
463;Mercedes-Benz;M-Class;Ремонт системы охлаждения;;/mercedes-benz/m-klass/sistema-ohlazhdeniya
464;Mercedes-Benz;R-Class;Ремонт системы охлаждения;;/mercedes-benz/r-klass/sistema-ohlazhdeniya
465;Mercedes-Benz;SLC-Class;Ремонт системы охлаждения;;/mercedes-benz/slc-klass/sistema-ohlazhdeniya
466;Mercedes-Benz;SLK-Class;Ремонт системы охлаждения;;/mercedes-benz/slk-klass/sistema-ohlazhdeniya
467;Mercedes-Benz;SLR-Class;Ремонт системы охлаждения;;/mercedes-benz/slr-klass/sistema-ohlazhdeniya
468;Mercedes-Benz;SL-Class;Ремонт системы охлаждения;;/mercedes-benz/sl-klass/sistema-ohlazhdeniya
469;Mercedes-Benz;Sprinter;Ремонт системы охлаждения;;/mercedes-benz/sprinter/sistema-ohlazhdeniya
470;Mercedes-Benz;S-Class;Ремонт системы охлаждения;;/mercedes-benz/s-klass/sistema-ohlazhdeniya
471;Mercedes-Benz;V-Class;Ремонт системы охлаждения;;/mercedes-benz/v-klass/sistema-ohlazhdeniya
472;Mitsubishi;;Ремонт системы охлаждения;;/mitsubishi/sistema-ohlazhdeniya
473;Mitsubishi;ASX;Ремонт системы охлаждения;;/mitsubishi/asx/sistema-ohlazhdeniya
474;Mitsubishi;Colt;Ремонт системы охлаждения;;/mitsubishi/colt/sistema-ohlazhdeniya
475;Mitsubishi;Delica;Ремонт системы охлаждения;;/mitsubishi/delica/sistema-ohlazhdeniya
476;Mitsubishi;Dingo;Ремонт системы охлаждения;;/mitsubishi/dingo/sistema-ohlazhdeniya
477;Mitsubishi;Dion;Ремонт системы охлаждения;;/mitsubishi/dion/sistema-ohlazhdeniya
478;Mitsubishi;Eclipse;Ремонт системы охлаждения;;/mitsubishi/eclipse/sistema-ohlazhdeniya
479;Mitsubishi;EK Wagon;Ремонт системы охлаждения;;/mitsubishi/ek-wagon/sistema-ohlazhdeniya
480;Mitsubishi;Endeavor;Ремонт системы охлаждения;;/mitsubishi/endeavor/sistema-ohlazhdeniya
481;Mitsubishi;FTO;Ремонт системы охлаждения;;/mitsubishi/fto/sistema-ohlazhdeniya
482;Mitsubishi;Galant;Ремонт системы охлаждения;;/mitsubishi/galant/sistema-ohlazhdeniya
483;Mitsubishi;Grandis;Ремонт системы охлаждения;;/mitsubishi/grandis/sistema-ohlazhdeniya
484;Mitsubishi;i;Ремонт системы охлаждения;;/mitsubishi/i/sistema-ohlazhdeniya
485;Mitsubishi;i-MiEV;Ремонт системы охлаждения;;/mitsubishi/i-miev/sistema-ohlazhdeniya
486;Mitsubishi;L200;Ремонт системы охлаждения;;/mitsubishi/l200/sistema-ohlazhdeniya
487;Mitsubishi;Lancer Evolution;Ремонт системы охлаждения;;/mitsubishi/lancer-evolution/sistema-ohlazhdeniya
488;Mitsubishi;Lancer;Ремонт системы охлаждения;;/mitsubishi/lancer/sistema-ohlazhdeniya
489;Mitsubishi;Montero;Ремонт системы охлаждения;;/mitsubishi/montero/sistema-ohlazhdeniya
490;Mitsubishi;Outlander;Ремонт системы охлаждения;;/mitsubishi/outlander/sistema-ohlazhdeniya
491;Mitsubishi;Pajero;Ремонт системы охлаждения;;/mitsubishi/pajero/sistema-ohlazhdeniya
492;Mitsubishi;Pajero Mini;Ремонт системы охлаждения;;/mitsubishi/pajero-mini/sistema-ohlazhdeniya
493;Mitsubishi;Pajero Pinin;Ремонт системы охлаждения;;/mitsubishi/pajero-pinin/sistema-ohlazhdeniya
494;Mitsubishi;Pajero Sport;Ремонт системы охлаждения;;/mitsubishi/pajero-sport/sistema-ohlazhdeniya
495;Mitsubishi;Proudia;Ремонт системы охлаждения;;/mitsubishi/proudia/sistema-ohlazhdeniya
496;Mitsubishi;Space Gear;Ремонт системы охлаждения;;/mitsubishi/space-gear/sistema-ohlazhdeniya
497;Mitsubishi;Toppo;Ремонт системы охлаждения;;/mitsubishi/toppo/sistema-ohlazhdeniya
498;Mitsubishi;Town BOX;Ремонт системы охлаждения;;/mitsubishi/town-box/sistema-ohlazhdeniya
499;Nissan;;Ремонт системы охлаждения;;/nissan/sistema-ohlazhdeniya
500;Nissan;350Z;Ремонт системы охлаждения;;/nissan/350z/sistema-ohlazhdeniya
501;Nissan;370Z;Ремонт системы охлаждения;;/nissan/370z/sistema-ohlazhdeniya
502;Nissan;Almera Classic;Ремонт системы охлаждения;;/nissan/almera-classic/sistema-ohlazhdeniya
503;Nissan;Almera;Ремонт системы охлаждения;;/nissan/almera/sistema-ohlazhdeniya
504;Nissan;Almera Tino;Ремонт системы охлаждения;;/nissan/almera-tino/sistema-ohlazhdeniya
505;Nissan;Altima;Ремонт системы охлаждения;;/nissan/altima/sistema-ohlazhdeniya
506;Nissan;Armada;Ремонт системы охлаждения;;/nissan/armada/sistema-ohlazhdeniya
507;Nissan;Bluebird Sylphy;Ремонт системы охлаждения;;/nissan/bluebird-sylphy/sistema-ohlazhdeniya
508;Nissan;Bluebird;Ремонт системы охлаждения;;/nissan/bluebird/sistema-ohlazhdeniya
509;Nissan;Cedric;Ремонт системы охлаждения;;/nissan/cedric/sistema-ohlazhdeniya
510;Nissan;Cima;Ремонт системы охлаждения;;/nissan/cima/sistema-ohlazhdeniya
511;Nissan;Clipper;Ремонт системы охлаждения;;/nissan/clipper/sistema-ohlazhdeniya
512;Nissan;Crew;Ремонт системы охлаждения;;/nissan/crew/sistema-ohlazhdeniya
513;Nissan;Cube;Ремонт системы охлаждения;;/nissan/cube/sistema-ohlazhdeniya
514;Nissan;Dualis;Ремонт системы охлаждения;;/nissan/dualis/sistema-ohlazhdeniya
515;Nissan;Elgrand;Ремонт системы охлаждения;;/nissan/elgrand/sistema-ohlazhdeniya
516;Nissan;Expert;Ремонт системы охлаждения;;/nissan/expert-2/sistema-ohlazhdeniya
517;Nissan;Fairlady Z;Ремонт системы охлаждения;;/nissan/fairlady-z/sistema-ohlazhdeniya
518;Nissan;Fuga;Ремонт системы охлаждения;;/nissan/fuga/sistema-ohlazhdeniya
519;Nissan;GT-R;Ремонт системы охлаждения;;/nissan/gt-r/sistema-ohlazhdeniya
520;Nissan;Juke;Ремонт системы охлаждения;;/nissan/juke/sistema-ohlazhdeniya
521;Nissan;Lafesta;Ремонт системы охлаждения;;/nissan/lafesta/sistema-ohlazhdeniya
522;Nissan;Liberty;Ремонт системы охлаждения;;/nissan/liberty-2/sistema-ohlazhdeniya
523;Nissan;Lucino;Ремонт системы охлаждения;;/nissan/lucino/sistema-ohlazhdeniya
524;Nissan;March;Ремонт системы охлаждения;;/nissan/march/sistema-ohlazhdeniya
525;Nissan;Maxima;Ремонт системы охлаждения;;/nissan/maxima/sistema-ohlazhdeniya
526;Nissan;Micra;Ремонт системы охлаждения;;/nissan/micra/sistema-ohlazhdeniya
527;Nissan;Moco;Ремонт системы охлаждения;;/nissan/moco/sistema-ohlazhdeniya
528;Nissan;Murano;Ремонт системы охлаждения;;/nissan/murano/sistema-ohlazhdeniya
529;Nissan;Navara;Ремонт системы охлаждения;;/nissan/navara/sistema-ohlazhdeniya
530;Nissan;Note;Ремонт системы охлаждения;;/nissan/note/sistema-ohlazhdeniya
531;Nissan;NP300;Ремонт системы охлаждения;;/nissan/np300/sistema-ohlazhdeniya
532;Nissan;NV200;Ремонт системы охлаждения;;/nissan/nv200/sistema-ohlazhdeniya
533;Nissan;Otti;Ремонт системы охлаждения;;/nissan/otti/sistema-ohlazhdeniya
534;Nissan;Pathfinder;Ремонт системы охлаждения;;/nissan/pathfinder/sistema-ohlazhdeniya
535;Nissan;Patrol;Ремонт системы охлаждения;;/nissan/patrol/sistema-ohlazhdeniya
536;Nissan;Pino;Ремонт системы охлаждения;;/nissan/pino/sistema-ohlazhdeniya
537;Nissan;Pixo;Ремонт системы охлаждения;;/nissan/pixo/sistema-ohlazhdeniya
538;Nissan;President;Ремонт системы охлаждения;;/nissan/president/sistema-ohlazhdeniya
539;Nissan;Primera;Ремонт системы охлаждения;;/nissan/primera/sistema-ohlazhdeniya
540;Nissan;Pulsar;Ремонт системы охлаждения;;/nissan/pulsar/sistema-ohlazhdeniya
541;Nissan;Qashqai;Ремонт системы охлаждения;;/nissan/qashqai/sistema-ohlazhdeniya
542;Nissan;Quest;Ремонт системы охлаждения;;/nissan/quest/sistema-ohlazhdeniya
543;Nissan;Rogue;Ремонт системы охлаждения;;/nissan/rogue/sistema-ohlazhdeniya
544;Nissan;Roox;Ремонт системы охлаждения;;/nissan/roox/sistema-ohlazhdeniya
545;Nissan;Safari;Ремонт системы охлаждения;;/nissan/safari/sistema-ohlazhdeniya
546;Nissan;Sentra;Ремонт системы охлаждения;;/nissan/sentra/sistema-ohlazhdeniya
547;Nissan;Serena;Ремонт системы охлаждения;;/nissan/serena/sistema-ohlazhdeniya
548;Nissan;Skyline Crossover;Ремонт системы охлаждения;;/nissan/skyline-crossover/sistema-ohlazhdeniya
549;Nissan;Skyline;Ремонт системы охлаждения;;/nissan/skyline/sistema-ohlazhdeniya
550;Nissan;Stagea;Ремонт системы охлаждения;;/nissan/stagea/sistema-ohlazhdeniya
551;Nissan;Sunny;Ремонт системы охлаждения;;/nissan/sunny/sistema-ohlazhdeniya
552;Nissan;Teana;Ремонт системы охлаждения;;/nissan/teana/sistema-ohlazhdeniya
553;Nissan;Terrano;Ремонт системы охлаждения;;/nissan/terrano/sistema-ohlazhdeniya
554;Nissan;Tiida;Ремонт системы охлаждения;;/nissan/tiida/sistema-ohlazhdeniya
555;Nissan;Tino;Ремонт системы охлаждения;;/nissan/tino/sistema-ohlazhdeniya
556;Nissan;Titan;Ремонт системы охлаждения;;/nissan/titan-2/sistema-ohlazhdeniya
557;Nissan;Versa;Ремонт системы охлаждения;;/nissan/versa/sistema-ohlazhdeniya
558;Nissan;Wingroad;Ремонт системы охлаждения;;/nissan/wingroad/sistema-ohlazhdeniya
559;Nissan;Xterra;Ремонт системы охлаждения;;/nissan/xterra/sistema-ohlazhdeniya
560;Nissan;X-Trail;Ремонт системы охлаждения;;/nissan/x-trail/sistema-ohlazhdeniya
561;Nissan;Primastar;Ремонт системы охлаждения;;/nissan/primastar/sistema-ohlazhdeniya
562;Nissan;Caravan;Ремонт системы охлаждения;;/nissan/caravan-2/sistema-ohlazhdeniya
563;Nissan;NV;Ремонт системы охлаждения;;/nissan/nv/sistema-ohlazhdeniya
564;Nissan;Urvan;Ремонт системы охлаждения;;/nissan/urvan/sistema-ohlazhdeniya
565;Nissan;Qashqai+2;Ремонт системы охлаждения;;/nissan/qashqai2/sistema-ohlazhdeniya
566;Nissan;Aprio;Ремонт системы охлаждения;;/nissan/aprio/sistema-ohlazhdeniya
567;Nissan;Cabstar;Ремонт системы охлаждения;;/nissan/cabstar/sistema-ohlazhdeniya
568;Nissan;Dualis+2;Ремонт системы охлаждения;;/nissan/dualis2/sistema-ohlazhdeniya
569;Nissan;Frontier;Ремонт системы охлаждения;;/nissan/frontier/sistema-ohlazhdeniya
570;Nissan;Interstar;Ремонт системы охлаждения;;/nissan/interstar/sistema-ohlazhdeniya
571;Nissan;Kix;Ремонт системы охлаждения;;/nissan/kix/sistema-ohlazhdeniya
572;Nissan;Kubistar;Ремонт системы охлаждения;;/nissan/kubistar/sistema-ohlazhdeniya
573;Nissan;Latio;Ремонт системы охлаждения;;/nissan/latio/sistema-ohlazhdeniya
574;Nissan;Livina;Ремонт системы охлаждения;;/nissan/livina/sistema-ohlazhdeniya
575;Nissan;NP 200;Ремонт системы охлаждения;;/nissan/np200/sistema-ohlazhdeniya
576;Nissan;NV350;Ремонт системы охлаждения;;/nissan/nv350/sistema-ohlazhdeniya
577;Nissan;NV400;Ремонт системы охлаждения;;/nissan/nv400/sistema-ohlazhdeniya
578;Nissan;Paladin;Ремонт системы охлаждения;;/nissan/paladin/sistema-ohlazhdeniya
579;Nissan;Pick UP;Ремонт системы охлаждения;;/nissan/pick-up/sistema-ohlazhdeniya
580;Nissan;Platina;Ремонт системы охлаждения;;/nissan/platina/sistema-ohlazhdeniya
581;Opel;;Ремонт системы охлаждения;;/opel/sistema-ohlazhdeniya
582;Opel;Adam;Ремонт системы охлаждения;;/opel/adam/sistema-ohlazhdeniya
583;Opel;Agila;Ремонт системы охлаждения;;/opel/agila/sistema-ohlazhdeniya
584;Opel;Ampera;Ремонт системы охлаждения;;/opel/ampera/sistema-ohlazhdeniya
585;Opel;Antara;Ремонт системы охлаждения;;/opel/antara/sistema-ohlazhdeniya
586;Opel;Astra;Ремонт системы охлаждения;;/opel/astra-2/sistema-ohlazhdeniya
587;Opel;Cascada;Ремонт системы охлаждения;;/opel/cascada/sistema-ohlazhdeniya
588;Opel;Combo;Ремонт системы охлаждения;;/opel/combo-2/sistema-ohlazhdeniya
589;Opel;Corsa;Ремонт системы охлаждения;;/opel/corsa-2/sistema-ohlazhdeniya
590;Opel;GT;Ремонт системы охлаждения;;/opel/gt-3/sistema-ohlazhdeniya
591;Opel;Insignia;Ремонт системы охлаждения;;/opel/insignia/sistema-ohlazhdeniya
592;Opel;Meriva;Ремонт системы охлаждения;;/opel/meriva-2/sistema-ohlazhdeniya
593;Opel;Mokka;Ремонт системы охлаждения;;/opel/mokka/sistema-ohlazhdeniya
594;Opel;Signum;Ремонт системы охлаждения;;/opel/signum/sistema-ohlazhdeniya
595;Opel;Tigra;Ремонт системы охлаждения;;/opel/tigra/sistema-ohlazhdeniya
596;Opel;Vectra;Ремонт системы охлаждения;;/opel/vectra-2/sistema-ohlazhdeniya
597;Opel;Zafira;Ремонт системы охлаждения;;/opel/zafira-2/sistema-ohlazhdeniya
598;Opel;Vivaro;Ремонт системы охлаждения;;/opel/vivaro/sistema-ohlazhdeniya
599;Opel;Cabrio;Ремонт системы охлаждения;;/opel/cabrio/sistema-ohlazhdeniya
600;Opel;Movano;Ремонт системы охлаждения;;/opel/movano/sistema-ohlazhdeniya
601;Peugeot;;Ремонт системы охлаждения;;/peugeot/sistema-ohlazhdeniya
602;Peugeot;1007;Ремонт системы охлаждения;;/peugeot/1007/sistema-ohlazhdeniya
603;Peugeot;107;Ремонт системы охлаждения;;/peugeot/107/sistema-ohlazhdeniya
604;Peugeot;2008;Ремонт системы охлаждения;;/peugeot/2008/sistema-ohlazhdeniya
605;Peugeot;205;Ремонт системы охлаждения;;/peugeot/205/sistema-ohlazhdeniya
606;Peugeot;206;Ремонт системы охлаждения;;/peugeot/206/sistema-ohlazhdeniya
607;Peugeot;207;Ремонт системы охлаждения;;/peugeot/207/sistema-ohlazhdeniya
608;Peugeot;208;Ремонт системы охлаждения;;/peugeot/208/sistema-ohlazhdeniya
609;Peugeot;3008;Ремонт системы охлаждения;;/peugeot/3008/sistema-ohlazhdeniya
610;Peugeot;301;Ремонт системы охлаждения;;/peugeot/301/sistema-ohlazhdeniya
611;Peugeot;306;Ремонт системы охлаждения;;/peugeot/306/sistema-ohlazhdeniya
612;Peugeot;307;Ремонт системы охлаждения;;/peugeot/307/sistema-ohlazhdeniya
613;Peugeot;308;Ремонт системы охлаждения;;/peugeot/308/sistema-ohlazhdeniya
614;Peugeot;4007;Ремонт системы охлаждения;;/peugeot/4007/sistema-ohlazhdeniya
615;Peugeot;4008;Ремонт системы охлаждения;;/peugeot/4008/sistema-ohlazhdeniya
616;Peugeot;407;Ремонт системы охлаждения;;/peugeot/407/sistema-ohlazhdeniya
617;Peugeot;408;Ремонт системы охлаждения;;/peugeot/408/sistema-ohlazhdeniya
618;Peugeot;508;Ремонт системы охлаждения;;/peugeot/508/sistema-ohlazhdeniya
619;Peugeot;607;Ремонт системы охлаждения;;/peugeot/607/sistema-ohlazhdeniya
620;Peugeot;807;Ремонт системы охлаждения;;/peugeot/807/sistema-ohlazhdeniya
621;Peugeot;Partner;Ремонт системы охлаждения;;/peugeot/partner-2/sistema-ohlazhdeniya
622;Peugeot;RCZ;Ремонт системы охлаждения;;/peugeot/rcz/sistema-ohlazhdeniya
623;Peugeot;Expert;Ремонт системы охлаждения;;/peugeot/expert/sistema-ohlazhdeniya
624;Peugeot;Boxer;Ремонт системы охлаждения;;/peugeot/boxer/sistema-ohlazhdeniya
625;Porsche;;Ремонт системы охлаждения;;/porsche/sistema-ohlazhdeniya
626;Porsche;911;Ремонт системы охлаждения;;/porsche/911/sistema-ohlazhdeniya
627;Porsche;918;Ремонт системы охлаждения;;/porsche/918/sistema-ohlazhdeniya
628;Porsche;Boxster;Ремонт системы охлаждения;;/porsche/boxster/sistema-ohlazhdeniya
629;Porsche;Carrera GT;Ремонт системы охлаждения;;/porsche/carrera-gt/sistema-ohlazhdeniya
630;Porsche;Cayenne;Ремонт системы охлаждения;;/porsche/cayenne/sistema-ohlazhdeniya
631;Porsche;Cayman;Ремонт системы охлаждения;;/porsche/cayman/sistema-ohlazhdeniya
632;Porsche;Macan;Ремонт системы охлаждения;;/porsche/macan/sistema-ohlazhdeniya
633;Porsche;Panamera;Ремонт системы охлаждения;;/porsche/panamera/sistema-ohlazhdeniya
634;Renault;;Ремонт системы охлаждения;;/renault/sistema-ohlazhdeniya
635;Renault;Captur;Ремонт системы охлаждения;;/renault/captur/sistema-ohlazhdeniya
636;Renault;Clio;Ремонт системы охлаждения;;/renault/clio/sistema-ohlazhdeniya
637;Renault;Duster;Ремонт системы охлаждения;;/renault/duster/sistema-ohlazhdeniya
638;Renault;Espace;Ремонт системы охлаждения;;/renault/espace/sistema-ohlazhdeniya
639;Renault;Fluence;Ремонт системы охлаждения;;/renault/fluence/sistema-ohlazhdeniya
640;Renault;Kangoo;Ремонт системы охлаждения;;/renault/kangoo/sistema-ohlazhdeniya
641;Renault;Koleos;Ремонт системы охлаждения;;/renault/koleos/sistema-ohlazhdeniya
642;Renault;Laguna;Ремонт системы охлаждения;;/renault/laguna/sistema-ohlazhdeniya
643;Renault;Latitude;Ремонт системы охлаждения;;/renault/latitude/sistema-ohlazhdeniya
644;Renault;Logan;Ремонт системы охлаждения;;/renault/logan/sistema-ohlazhdeniya
645;Renault;Megane;Ремонт системы охлаждения;;/renault/megane/sistema-ohlazhdeniya
646;Renault;Modus;Ремонт системы охлаждения;;/renault/modus/sistema-ohlazhdeniya
647;Renault;Safrane;Ремонт системы охлаждения;;/renault/safrane/sistema-ohlazhdeniya
648;Renault;Sandero;Ремонт системы охлаждения;;/renault/sandero/sistema-ohlazhdeniya
649;Renault;Scenic;Ремонт системы охлаждения;;/renault/scenic/sistema-ohlazhdeniya
650;Renault;Symbol;Ремонт системы охлаждения;;/renault/symbol/sistema-ohlazhdeniya
651;Renault;Twingo;Ремонт системы охлаждения;;/renault/twingo/sistema-ohlazhdeniya
652;Renault;Vel Satis;Ремонт системы охлаждения;;/renault/vel-satis/sistema-ohlazhdeniya
653;Renault;Wind;Ремонт системы охлаждения;;/renault/wind/sistema-ohlazhdeniya
654;Renault;Zoe;Ремонт системы охлаждения;;/renault/zoe/sistema-ohlazhdeniya
655;Renault;Trafic;Ремонт системы охлаждения;;/renault/trafic/sistema-ohlazhdeniya
656;Renault;Talisman;Ремонт системы охлаждения;;/renault/talisman/sistema-ohlazhdeniya
657;Renault;Kaptur;Ремонт системы охлаждения;;/renault/kaptur/sistema-ohlazhdeniya
658;Renault;Lutecia;Ремонт системы охлаждения;;/renault/lutecia/sistema-ohlazhdeniya
659;Renault;Master;Ремонт системы охлаждения;;/renault/master/sistema-ohlazhdeniya
660;Renault;Maxity;Ремонт системы охлаждения;;/renault/maxity/sistema-ohlazhdeniya
661;Renault;Pulse;Ремонт системы охлаждения;;/renault/pulse/sistema-ohlazhdeniya
662;Renault;Scala;Ремонт системы охлаждения;;/renault/scala/sistema-ohlazhdeniya
663;Renault;Thalia;Ремонт системы охлаждения;;/renault/thalia/sistema-ohlazhdeniya
664;Skoda;;Ремонт системы охлаждения;;/skoda/sistema-ohlazhdeniya
665;Skoda;Citigo;Ремонт системы охлаждения;;/skoda/citigo/sistema-ohlazhdeniya
666;Skoda;Fabia;Ремонт системы охлаждения;;/skoda/fabia/sistema-ohlazhdeniya
667;Skoda;Octavia;Ремонт системы охлаждения;;/skoda/octavia/sistema-ohlazhdeniya
668;Skoda;Rapid;Ремонт системы охлаждения;;/skoda/rapid/sistema-ohlazhdeniya
669;Skoda;Roomster;Ремонт системы охлаждения;;/skoda/roomster/sistema-ohlazhdeniya
670;Skoda;Superb;Ремонт системы охлаждения;;/skoda/superb/sistema-ohlazhdeniya
671;Skoda;Yeti;Ремонт системы охлаждения;;/skoda/yeti/sistema-ohlazhdeniya
672;Skoda;Praktik;Ремонт системы охлаждения;;/skoda/praktik/sistema-ohlazhdeniya
673;Subaru;;Ремонт системы охлаждения;;/subaru/sistema-ohlazhdeniya
674;Subaru;Baja;Ремонт системы охлаждения;;/subaru/baja/sistema-ohlazhdeniya
675;Subaru;BRZ;Ремонт системы охлаждения;;/subaru/brz/sistema-ohlazhdeniya
676;Subaru;Forester;Ремонт системы охлаждения;;/subaru/forester/sistema-ohlazhdeniya
677;Subaru;Impreza;Ремонт системы охлаждения;;/subaru/impreza/sistema-ohlazhdeniya
678;Subaru;Justy;Ремонт системы охлаждения;;/subaru/justy/sistema-ohlazhdeniya
679;Subaru;Legacy;Ремонт системы охлаждения;;/subaru/legacy/sistema-ohlazhdeniya
680;Subaru;Outback;Ремонт системы охлаждения;;/subaru/outback/sistema-ohlazhdeniya
681;Subaru;Pleo;Ремонт системы охлаждения;;/subaru/pleo/sistema-ohlazhdeniya
682;Subaru;R1;Ремонт системы охлаждения;;/subaru/r1/sistema-ohlazhdeniya
683;Subaru;R2;Ремонт системы охлаждения;;/subaru/r2/sistema-ohlazhdeniya
684;Subaru;Tribeca;Ремонт системы охлаждения;;/subaru/tribeca/sistema-ohlazhdeniya
685;Subaru;Vivio;Ремонт системы охлаждения;;/subaru/vivio/sistema-ohlazhdeniya
686;Subaru;XV;Ремонт системы охлаждения;;/subaru/xv/sistema-ohlazhdeniya
687;Subaru;WRX;Ремонт системы охлаждения;;/subaru/wrx/sistema-ohlazhdeniya
688;Suzuki;;Ремонт системы охлаждения;;/suzuki/sistema-ohlazhdeniya
689;Suzuki;Aerio;Ремонт системы охлаждения;;/suzuki/aerio/sistema-ohlazhdeniya
690;Suzuki;Alto;Ремонт системы охлаждения;;/suzuki/alto/sistema-ohlazhdeniya
691;Suzuki;Cappuccino;Ремонт системы охлаждения;;/suzuki/cappuccino/sistema-ohlazhdeniya
692;Suzuki;Every;Ремонт системы охлаждения;;/suzuki/every/sistema-ohlazhdeniya
693;Suzuki;Forenza;Ремонт системы охлаждения;;/suzuki/forenza/sistema-ohlazhdeniya
694;Suzuki;Grand Vitara;Ремонт системы охлаждения;;/suzuki/grand-vitara-2/sistema-ohlazhdeniya
695;Suzuki;Ignis;Ремонт системы охлаждения;;/suzuki/ignis/sistema-ohlazhdeniya
696;Suzuki;Jimny;Ремонт системы охлаждения;;/suzuki/jimny-2/sistema-ohlazhdeniya
697;Suzuki;Kei;Ремонт системы охлаждения;;/suzuki/kei/sistema-ohlazhdeniya
698;Suzuki;Kizashi;Ремонт системы охлаждения;;/suzuki/kizashi/sistema-ohlazhdeniya
699;Suzuki;Liana;Ремонт системы охлаждения;;/suzuki/liana/sistema-ohlazhdeniya
700;Suzuki;MR Wagon;Ремонт системы охлаждения;;/suzuki/mr-wagon/sistema-ohlazhdeniya
701;Suzuki;Splash;Ремонт системы охлаждения;;/suzuki/splash/sistema-ohlazhdeniya
702;Suzuki;Swift;Ремонт системы охлаждения;;/suzuki/swift/sistema-ohlazhdeniya
703;Suzuki;SX4;Ремонт системы охлаждения;;/suzuki/sx4/sistema-ohlazhdeniya
704;Suzuki;Wagon R;Ремонт системы охлаждения;;/suzuki/wagon-r/sistema-ohlazhdeniya
705;Suzuki;XL7;Ремонт системы охлаждения;;/suzuki/xl7/sistema-ohlazhdeniya
706;Suzuki;Vitara;Ремонт системы охлаждения;;/suzuki/vitara-2/sistema-ohlazhdeniya
707;Toyota;;Ремонт системы охлаждения;;/toyota/sistema-ohlazhdeniya
708;Toyota;4Runner;Ремонт системы охлаждения;;/toyota/4runner/sistema-ohlazhdeniya
709;Toyota;Allex;Ремонт системы охлаждения;;/toyota/allex/sistema-ohlazhdeniya
710;Toyota;Allion;Ремонт системы охлаждения;;/toyota/allion/sistema-ohlazhdeniya
711;Toyota;Alphard;Ремонт системы охлаждения;;/toyota/alphard/sistema-ohlazhdeniya
712;Toyota;Aurion;Ремонт системы охлаждения;;/toyota/aurion/sistema-ohlazhdeniya
713;Toyota;Auris;Ремонт системы охлаждения;;/toyota/auris/sistema-ohlazhdeniya
714;Toyota;Avalon;Ремонт системы охлаждения;;/toyota/avalon/sistema-ohlazhdeniya
715;Toyota;Avensis;Ремонт системы охлаждения;;/toyota/avensis/sistema-ohlazhdeniya
716;Toyota;Aygo;Ремонт системы охлаждения;;/toyota/aygo/sistema-ohlazhdeniya
717;Toyota;bB;Ремонт системы охлаждения;;/toyota/bb/sistema-ohlazhdeniya
718;Toyota;Belta;Ремонт системы охлаждения;;/toyota/belta/sistema-ohlazhdeniya
719;Toyota;Blade;Ремонт системы охлаждения;;/toyota/blade/sistema-ohlazhdeniya
720;Toyota;Brevis;Ремонт системы охлаждения;;/toyota/brevis/sistema-ohlazhdeniya
721;Toyota;Caldina;Ремонт системы охлаждения;;/toyota/caldina/sistema-ohlazhdeniya
722;Toyota;Camry;Ремонт системы охлаждения;;/toyota/camry/sistema-ohlazhdeniya
723;Toyota;Celica;Ремонт системы охлаждения;;/toyota/celica/sistema-ohlazhdeniya
724;Toyota;Celsior;Ремонт системы охлаждения;;/toyota/celsior/sistema-ohlazhdeniya
725;Toyota;Century;Ремонт системы охлаждения;;/toyota/century/sistema-ohlazhdeniya
726;Toyota;Corolla;Ремонт системы охлаждения;;/toyota/corolla/sistema-ohlazhdeniya
727;Toyota;Corolla Rumion;Ремонт системы охлаждения;;/toyota/corolla-rumion/sistema-ohlazhdeniya
728;Toyota;Crown Majesta;Ремонт системы охлаждения;;/toyota/crown-majesta/sistema-ohlazhdeniya
729;Toyota;Crown;Ремонт системы охлаждения;;/toyota/crown/sistema-ohlazhdeniya
730;Toyota;Estima;Ремонт системы охлаждения;;/toyota/estima/sistema-ohlazhdeniya
731;Toyota;FJ Cruiser;Ремонт системы охлаждения;;/toyota/fj-cruiser/sistema-ohlazhdeniya
732;Toyota;Fortuner;Ремонт системы охлаждения;;/toyota/fortuner/sistema-ohlazhdeniya
733;Toyota;Fun Cargo;Ремонт системы охлаждения;;/toyota/fun-cargo/sistema-ohlazhdeniya
734;Toyota;GT 86;Ремонт системы охлаждения;;/toyota/gt-86/sistema-ohlazhdeniya
735;Toyota;Harrier;Ремонт системы охлаждения;;/toyota/harrier/sistema-ohlazhdeniya
736;Toyota;Hiace;Ремонт системы охлаждения;;/toyota/hiace/sistema-ohlazhdeniya
737;Toyota;Highlander;Ремонт системы охлаждения;;/toyota/highlander/sistema-ohlazhdeniya
738;Toyota;Hilux Surf;Ремонт системы охлаждения;;/toyota/hilux-surf/sistema-ohlazhdeniya
739;Toyota;Hilux;Ремонт системы охлаждения;;/toyota/hilux/sistema-ohlazhdeniya
740;Toyota;Innova;Ремонт системы охлаждения;;/toyota/innova/sistema-ohlazhdeniya
741;Toyota;Ipsum;Ремонт системы охлаждения;;/toyota/ipsum/sistema-ohlazhdeniya
742;Toyota;iQ;Ремонт системы охлаждения;;/toyota/iq/sistema-ohlazhdeniya
743;Toyota;Isis;Ремонт системы охлаждения;;/toyota/isis/sistema-ohlazhdeniya
744;Toyota;Ist;Ремонт системы охлаждения;;/toyota/ist/sistema-ohlazhdeniya
745;Toyota;Kluger;Ремонт системы охлаждения;;/toyota/kluger/sistema-ohlazhdeniya
746;Toyota;Land Cruiser;Ремонт системы охлаждения;;/toyota/land-cruiser/sistema-ohlazhdeniya
747;Toyota;Land Cruiser Prado;Ремонт системы охлаждения;;/toyota/land-cruiser-prado/sistema-ohlazhdeniya
748;Toyota;Lite Ace;Ремонт системы охлаждения;;/toyota/lite-ace/sistema-ohlazhdeniya
749;Toyota;Mark II;Ремонт системы охлаждения;;/toyota/mark-ii/sistema-ohlazhdeniya
750;Toyota;Mark X;Ремонт системы охлаждения;;/toyota/mark-x/sistema-ohlazhdeniya
751;Toyota;Mark X Zio;Ремонт системы охлаждения;;/toyota/mark-x-zio/sistema-ohlazhdeniya
752;Toyota;Matrix;Ремонт системы охлаждения;;/toyota/matrix-2/sistema-ohlazhdeniya
753;Toyota;MR2;Ремонт системы охлаждения;;/toyota/mr2/sistema-ohlazhdeniya
754;Toyota;Noah;Ремонт системы охлаждения;;/toyota/noah/sistema-ohlazhdeniya
755;Toyota;Passo;Ремонт системы охлаждения;;/toyota/passo/sistema-ohlazhdeniya
756;Toyota;Passo Sette;Ремонт системы охлаждения;;/toyota/passo-sette/sistema-ohlazhdeniya
757;Toyota;Porte;Ремонт системы охлаждения;;/toyota/porte/sistema-ohlazhdeniya
758;Toyota;Premio;Ремонт системы охлаждения;;/toyota/premio/sistema-ohlazhdeniya
759;Toyota;Previa;Ремонт системы охлаждения;;/toyota/previa/sistema-ohlazhdeniya
760;Toyota;Prius C;Ремонт системы охлаждения;;/toyota/prius-c/sistema-ohlazhdeniya
761;Toyota;Prius;Ремонт системы охлаждения;;/toyota/prius/sistema-ohlazhdeniya
762;Toyota;Prius V;Ремонт системы охлаждения;;/toyota/prius-v/sistema-ohlazhdeniya
763;Toyota;Probox;Ремонт системы охлаждения;;/toyota/probox/sistema-ohlazhdeniya
764;Toyota;Progres;Ремонт системы охлаждения;;/toyota/progres/sistema-ohlazhdeniya
765;Toyota;Ractis;Ремонт системы охлаждения;;/toyota/ractis/sistema-ohlazhdeniya
766;Toyota;Raum;Ремонт системы охлаждения;;/toyota/raum/sistema-ohlazhdeniya
767;Toyota;RAV4;Ремонт системы охлаждения;;/toyota/rav4/sistema-ohlazhdeniya
768;Toyota;Rush;Ремонт системы охлаждения;;/toyota/rush/sistema-ohlazhdeniya
769;Toyota;Sequoia;Ремонт системы охлаждения;;/toyota/sequoia/sistema-ohlazhdeniya
770;Toyota;Sienna;Ремонт системы охлаждения;;/toyota/sienna/sistema-ohlazhdeniya
771;Toyota;Sienta;Ремонт системы охлаждения;;/toyota/sienta/sistema-ohlazhdeniya
772;Toyota;Succeed;Ремонт системы охлаждения;;/toyota/succeed/sistema-ohlazhdeniya
773;Toyota;Tacoma;Ремонт системы охлаждения;;/toyota/tacoma/sistema-ohlazhdeniya
774;Toyota;Town Ace;Ремонт системы охлаждения;;/toyota/town-ace/sistema-ohlazhdeniya
775;Toyota;Tundra;Ремонт системы охлаждения;;/toyota/tundra/sistema-ohlazhdeniya
776;Toyota;Urban Cruiser;Ремонт системы охлаждения;;/toyota/urban-cruiser/sistema-ohlazhdeniya
777;Toyota;Vanguard;Ремонт системы охлаждения;;/toyota/vanguard/sistema-ohlazhdeniya
778;Toyota;Venza;Ремонт системы охлаждения;;/toyota/venza/sistema-ohlazhdeniya
779;Toyota;Verso;Ремонт системы охлаждения;;/toyota/verso/sistema-ohlazhdeniya
780;Toyota;Verso-S;Ремонт системы охлаждения;;/toyota/verso-s/sistema-ohlazhdeniya
781;Toyota;Vios;Ремонт системы охлаждения;;/toyota/vios/sistema-ohlazhdeniya
782;Toyota;Vitz;Ремонт системы охлаждения;;/toyota/vitz/sistema-ohlazhdeniya
783;Toyota;Voxy;Ремонт системы охлаждения;;/toyota/voxy/sistema-ohlazhdeniya
784;Toyota;Wish;Ремонт системы охлаждения;;/toyota/wish/sistema-ohlazhdeniya
785;Toyota;Yaris;Ремонт системы охлаждения;;/toyota/yaris/sistema-ohlazhdeniya
786;Toyota;Yaris Verso;Ремонт системы охлаждения;;/toyota/yaris-verso/sistema-ohlazhdeniya
787;Toyota;Camry Solara;Ремонт системы охлаждения;;/toyota/camry-solara/sistema-ohlazhdeniya
788;Toyota;Corolla Spacio;Ремонт системы охлаждения;;/toyota/corolla-spacio/sistema-ohlazhdeniya
789;Toyota;Corolla Verso;Ремонт системы охлаждения;;/toyota/corolla-verso/sistema-ohlazhdeniya
790;Toyota;86;Ремонт системы охлаждения;;/toyota/86/sistema-ohlazhdeniya
791;Toyota;Avanza;Ремонт системы охлаждения;;/toyota/avanza/sistema-ohlazhdeniya
792;Toyota;Comfort;Ремонт системы охлаждения;;/toyota/comfort/sistema-ohlazhdeniya
793;Toyota;Corolla Axio;Ремонт системы охлаждения;;/toyota/corolla-axio/sistema-ohlazhdeniya
794;Toyota;MR-S;Ремонт системы охлаждения;;/toyota/mr-s/sistema-ohlazhdeniya
795;Toyota;Prius a;Ремонт системы охлаждения;;/toyota/prius-a/sistema-ohlazhdeniya
796;Toyota;Prius Plus;Ремонт системы охлаждения;;/toyota/prius-plus/sistema-ohlazhdeniya
797;Toyota;Rukus;Ремонт системы охлаждения;;/toyota/rukus/sistema-ohlazhdeniya
798;Toyota;Zelas;Ремонт системы охлаждения;;/toyota/zelas/sistema-ohlazhdeniya
799;Volkswagen;;Ремонт системы охлаждения;;/volkswagen/sistema-ohlazhdeniya
800;Volkswagen;Beetle;Ремонт системы охлаждения;;/volkswagen/beetle/sistema-ohlazhdeniya
801;Volkswagen;Caddy;Ремонт системы охлаждения;;/volkswagen/caddy/sistema-ohlazhdeniya
802;Volkswagen;Eos;Ремонт системы охлаждения;;/volkswagen/eos/sistema-ohlazhdeniya
803;Volkswagen;Fox;Ремонт системы охлаждения;;/volkswagen/fox/sistema-ohlazhdeniya
804;Volkswagen;Golf;Ремонт системы охлаждения;;/volkswagen/golf/sistema-ohlazhdeniya
805;Volkswagen;Gol;Ремонт системы охлаждения;;/volkswagen/gol/sistema-ohlazhdeniya
806;Volkswagen;Jetta;Ремонт системы охлаждения;;/volkswagen/jetta/sistema-ohlazhdeniya
807;Volkswagen;Multivan;Ремонт системы охлаждения;;/volkswagen/multivan/sistema-ohlazhdeniya
808;Volkswagen;Passat;Ремонт системы охлаждения;;/volkswagen/passat/sistema-ohlazhdeniya
809;Volkswagen;Passat CC;Ремонт системы охлаждения;;/volkswagen/passat-cc/sistema-ohlazhdeniya
810;Volkswagen;Phaeton;Ремонт системы охлаждения;;/volkswagen/phaeton/sistema-ohlazhdeniya
811;Volkswagen;Pointer;Ремонт системы охлаждения;;/volkswagen/pointer/sistema-ohlazhdeniya
812;Volkswagen;Polo;Ремонт системы охлаждения;;/volkswagen/polo/sistema-ohlazhdeniya
813;Volkswagen;Routan;Ремонт системы охлаждения;;/volkswagen/routan/sistema-ohlazhdeniya
814;Volkswagen;Scirocco;Ремонт системы охлаждения;;/volkswagen/scirocco/sistema-ohlazhdeniya
815;Volkswagen;Sharan;Ремонт системы охлаждения;;/volkswagen/sharan/sistema-ohlazhdeniya
816;Volkswagen;Tiguan;Ремонт системы охлаждения;;/volkswagen/tiguan/sistema-ohlazhdeniya
817;Volkswagen;Touareg;Ремонт системы охлаждения;;/volkswagen/touareg/sistema-ohlazhdeniya
818;Volkswagen;Touran;Ремонт системы охлаждения;;/volkswagen/touran/sistema-ohlazhdeniya
819;Volkswagen;Amarok;Ремонт системы охлаждения;;/volkswagen/amarok/sistema-ohlazhdeniya
820;Volkswagen;California;Ремонт системы охлаждения;;/volkswagen/california/sistema-ohlazhdeniya
821;Volkswagen;Caravelle;Ремонт системы охлаждения;;/volkswagen/caravelle/sistema-ohlazhdeniya
822;Volkswagen;Transporter;Ремонт системы охлаждения;;/volkswagen/transporter/sistema-ohlazhdeniya
823;Volkswagen;Up;Ремонт системы охлаждения;;/volkswagen/up/sistema-ohlazhdeniya
824;Volkswagen;Citi Golf;Ремонт системы охлаждения;;/volkswagen/citi-golf/sistema-ohlazhdeniya
825;Volkswagen;Clasico;Ремонт системы охлаждения;;/volkswagen/clasico/sistema-ohlazhdeniya
826;Volkswagen;Crafter;Ремонт системы охлаждения;;/volkswagen/crafter/sistema-ohlazhdeniya
827;Volkswagen;Lavida;Ремонт системы охлаждения;;/volkswagen/lavida/sistema-ohlazhdeniya
828;Volkswagen;Magotan;Ремонт системы охлаждения;;/volkswagen/magotan/sistema-ohlazhdeniya
829;Volkswagen;New Beetle;Ремонт системы охлаждения;;/volkswagen/new-beetle/sistema-ohlazhdeniya
830;Volkswagen;Parati;Ремонт системы охлаждения;;/volkswagen/parati/sistema-ohlazhdeniya
831;Volkswagen;Rabbit;Ремонт системы охлаждения;;/volkswagen/rabbit/sistema-ohlazhdeniya
832;Volkswagen;Sagitar;Ремонт системы охлаждения;;/volkswagen/sagitar/sistema-ohlazhdeniya
833;Volkswagen;Saveiro;Ремонт системы охлаждения;;/volkswagen/saveiro/sistema-ohlazhdeniya
834;Volkswagen;Suran;Ремонт системы охлаждения;;/volkswagen/suran/sistema-ohlazhdeniya
835;Volkswagen;Voyage;Ремонт системы охлаждения;;/volkswagen/voyage/sistema-ohlazhdeniya
836;Volvo;;Ремонт системы охлаждения;;/volvo/sistema-ohlazhdeniya
837;Volvo;C30;Ремонт системы охлаждения;;/volvo/c30/sistema-ohlazhdeniya
838;Volvo;C70;Ремонт системы охлаждения;;/volvo/c70/sistema-ohlazhdeniya
839;Volvo;S40;Ремонт системы охлаждения;;/volvo/s40/sistema-ohlazhdeniya
840;Volvo;S60;Ремонт системы охлаждения;;/volvo/s60/sistema-ohlazhdeniya
841;Volvo;S80;Ремонт системы охлаждения;;/volvo/s80/sistema-ohlazhdeniya
842;Volvo;S90;Ремонт системы охлаждения;;/volvo/s90/sistema-ohlazhdeniya
843;Volvo;V40;Ремонт системы охлаждения;;/volvo/v40/sistema-ohlazhdeniya
844;Volvo;V50;Ремонт системы охлаждения;;/volvo/v50/sistema-ohlazhdeniya
845;Volvo;V60;Ремонт системы охлаждения;;/volvo/v60/sistema-ohlazhdeniya
846;Volvo;V70;Ремонт системы охлаждения;;/volvo/v70/sistema-ohlazhdeniya
847;Volvo;XC60;Ремонт системы охлаждения;;/volvo/xc60/sistema-ohlazhdeniya
848;Volvo;XC70;Ремонт системы охлаждения;;/volvo/xc70/sistema-ohlazhdeniya
849;Volvo;XC90;Ремонт системы охлаждения;;/volvo/xc90/sistema-ohlazhdeniya
