;Марка;Модель;URL;Услуга
0;Acura;; /acura/slesarnyy-remont/remont-dvigatelya/zame...;Замена топливного фильтра
1;Acura;CSX; /acura/csx/remont-dvigatelya/zamena-toplivnogo...;Замена топливного фильтра
2;Acura;MDX; /acura/mdx/remont-dvigatelya/zamena-toplivnogo...;Замена топливного фильтра
3;Acura;RDX; /acura/rdx/remont-dvigatelya/zamena-toplivnogo...;Замена топливного фильтра
4;Acura;RL; /acura/rl/remont-dvigatelya/zamena-toplivnogo-...;Замена топливного фильтра
5;Acura;RSX; /acura/rsx/remont-dvigatelya/zamena-toplivnogo...;Замена топливного фильтра
6;Acura;TL; /acura/tl/remont-dvigatelya/zamena-toplivnogo-...;Замена топливного фильтра
7;Acura;TSX; /acura/tsx/remont-dvigatelya/zamena-toplivnogo...;Замена топливного фильтра
8;Acura;ZDX; /acura/zdx/remont-dvigatelya/zamena-toplivnogo...;Замена топливного фильтра
9;Acura;TLX; /acura/tlx/remont-dvigatelya/zamena-toplivnogo...;Замена топливного фильтра
10;Audi;; /audi/slesarnyy-remont/remont-dvigatelya/zamen...;Замена топливного фильтра
11;Audi;A1; /audi/a1/slesarnyy-remont/remont-dvigatelya/za...;Замена топливного фильтра
12;Audi;A3; /audi/a3/slesarnyy-remont/remont-dvigatelya/za...;Замена топливного фильтра
13;Audi;A4; /audi/a4/slesarnyy-remont/remont-dvigatelya/za...;Замена топливного фильтра
14;Audi;A5; /audi/a5/slesarnyy-remont/remont-dvigatelya/za...;Замена топливного фильтра
15;Audi;A6; /audi/a6/slesarnyy-remont/remont-dvigatelya/za...;Замена топливного фильтра
16;Audi;A7; /audi/a7/slesarnyy-remont/remont-dvigatelya/za...;Замена топливного фильтра
17;Audi;A8; /audi/a8/slesarnyy-remont/remont-dvigatelya/za...;Замена топливного фильтра
18;Audi;Q3; /audi/q3/slesarnyy-remont/remont-dvigatelya/za...;Замена топливного фильтра
19;Audi;Q5; /audi/q5/slesarnyy-remont/remont-dvigatelya/za...;Замена топливного фильтра
20;Audi;Q7; /audi/q7/slesarnyy-remont/remont-dvigatelya/za...;Замена топливного фильтра
21;Audi;R8; /audi/r8/slesarnyy-remont/remont-dvigatelya/za...;Замена топливного фильтра
22;Audi;RS Q3; /audi/rs-q3/slesarnyy-remont/remont-dvigatelya...;Замена топливного фильтра
23;Audi;RS 3; /audi/rs-3/slesarnyy-remont/remont-dvigatelya/...;Замена топливного фильтра
24;Audi;RS 4; /audi/rs-4/slesarnyy-remont/remont-dvigatelya/...;Замена топливного фильтра
25;Audi;RS 5; /audi/rs-5/slesarnyy-remont/remont-dvigatelya/...;Замена топливного фильтра
26;Audi;RS 6; /audi/rs-6/slesarnyy-remont/remont-dvigatelya/...;Замена топливного фильтра
27;Audi;RS 7; /audi/rs-7/slesarnyy-remont/remont-dvigatelya/...;Замена топливного фильтра
28;Audi;S3; /audi/s3/slesarnyy-remont/remont-dvigatelya/za...;Замена топливного фильтра
29;Audi;S4; /audi/s4/slesarnyy-remont/remont-dvigatelya/za...;Замена топливного фильтра
30;Audi;S5; /audi/s5/slesarnyy-remont/remont-dvigatelya/za...;Замена топливного фильтра
31;Audi;S6; /audi/s6/slesarnyy-remont/remont-dvigatelya/za...;Замена топливного фильтра
32;Audi;S7; /audi/s7/slesarnyy-remont/remont-dvigatelya/za...;Замена топливного фильтра
33;Audi;S8; /audi/s8/slesarnyy-remont/remont-dvigatelya/za...;Замена топливного фильтра
34;Audi;SQ5; /audi/sq5/slesarnyy-remont/remont-dvigatelya/z...;Замена топливного фильтра
35;Audi;TT; /audi/tt/slesarnyy-remont/remont-dvigatelya/za...;Замена топливного фильтра
36;BMW;; /bmw/slesarnyy-remont/remont-dvigatelya/zamena...;Замена топливного фильтра
37;BMW;i3; /bmw/i3/slesarnyy-remont/remont-dvigatelya/zam...;Замена топливного фильтра
38;BMW;i8; /bmw/i8/slesarnyy-remont/remont-dvigatelya/zam...;Замена топливного фильтра
39;BMW;X1; /bmw/x1/slesarnyy-remont/remont-dvigatelya/zam...;Замена топливного фильтра
40;BMW;X3; /bmw/x3/slesarnyy-remont/remont-dvigatelya/zam...;Замена топливного фильтра
41;BMW;X4; /bmw/x4/slesarnyy-remont/remont-dvigatelya/zam...;Замена топливного фильтра
42;BMW;X5; /bmw/x5/slesarnyy-remont/remont-dvigatelya/zam...;Замена топливного фильтра
43;BMW;X6; /bmw/x6/slesarnyy-remont/remont-dvigatelya/zam...;Замена топливного фильтра
44;BMW;Z4; /bmw/z4/slesarnyy-remont/remont-dvigatelya/zam...;Замена топливного фильтра
45;BMW;1M; /bmw/1m/slesarnyy-remont/remont-dvigatelya/zam...;Замена топливного фильтра
46;BMW;M3; /bmw/m3/slesarnyy-remont/remont-dvigatelya/zam...;Замена топливного фильтра
47;BMW;M4; /bmw/m4/slesarnyy-remont/remont-dvigatelya/zam...;Замена топливного фильтра
48;BMW;M5; /bmw/m5/slesarnyy-remont/remont-dvigatelya/zam...;Замена топливного фильтра
49;BMW;M6; /bmw/m6/slesarnyy-remont/remont-dvigatelya/zam...;Замена топливного фильтра
50;BMW;X5 M; /bmw/x5-m/slesarnyy-remont/remont-dvigatelya/z...;Замена топливного фильтра
51;BMW;X6 M; /bmw/x6-m/slesarnyy-remont/remont-dvigatelya/z...;Замена топливного фильтра
52;BMW;Z4 M; /bmw/z4-m/slesarnyy-remont/remont-dvigatelya/z...;Замена топливного фильтра
53;BMW;1-Series; /bmw/1-seriya/slesarnyy-remont/remont-dvigatel...;Замена топливного фильтра
54;BMW;2-Series; /bmw/2-seriya/slesarnyy-remont/remont-dvigatel...;Замена топливного фильтра
55;BMW;2-Series Active Tourer; /bmw/2-seriya-active-tourer/slesarnyy-remont/r...;Замена топливного фильтра
56;BMW;3-Series; /bmw/3-seriya/slesarnyy-remont/remont-dvigatel...;Замена топливного фильтра
57;BMW;4-Series; /bmw/4-seriya/slesarnyy-remont/remont-dvigatel...;Замена топливного фильтра
58;BMW;5-Series; /bmw/5-seriya/slesarnyy-remont/remont-dvigatel...;Замена топливного фильтра
59;BMW;6-Series; /bmw/6-seriya/slesarnyy-remont/remont-dvigatel...;Замена топливного фильтра
60;BMW;7-Series; /bmw/7-seriya/slesarnyy-remont/remont-dvigatel...;Замена топливного фильтра
61;Chevrolet;; /chevrolet/slesarnyy-remont/remont-dvigatelya/...;Замена топливного фильтра
62;Chevrolet;Astra; /chevrolet/astra/remont-dvigatelya/zamena-topl...;Замена топливного фильтра
63;Chevrolet;Avalanche; /chevrolet/avalanche/remont-dvigatelya/zamena-...;Замена топливного фильтра
64;Chevrolet;Aveo; /chevrolet/aveo-2/remont-dvigatelya/zamena-top...;Замена топливного фильтра
65;Chevrolet;Blazer; /chevrolet/blazer/remont-dvigatelya/zamena-top...;Замена топливного фильтра
66;Chevrolet;Camaro; /chevrolet/camaro/remont-dvigatelya/zamena-top...;Замена топливного фильтра
67;Chevrolet;Caprice; /chevrolet/caprice/remont-dvigatelya/zamena-to...;Замена топливного фильтра
68;Chevrolet;Captiva; /chevrolet/captiva/remont-dvigatelya/zamena-to...;Замена топливного фильтра
69;Chevrolet;Celta; /chevrolet/celta/remont-dvigatelya/zamena-topl...;Замена топливного фильтра
70;Chevrolet;Cobalt; /chevrolet/cobalt/remont-dvigatelya/zamena-top...;Замена топливного фильтра
71;Chevrolet;Colorado; /chevrolet/colorado/remont-dvigatelya/zamena-t...;Замена топливного фильтра
72;Chevrolet;Corsa; /chevrolet/corsa/remont-dvigatelya/zamena-topl...;Замена топливного фильтра
73;Chevrolet;Corvette; /chevrolet/corvette/remont-dvigatelya/zamena-t...;Замена топливного фильтра
74;Chevrolet;Cruze; /chevrolet/cruze/remont-dvigatelya/zamena-topl...;Замена топливного фильтра
75;Chevrolet;Epica; /chevrolet/epica/remont-dvigatelya/zamena-topl...;Замена топливного фильтра
76;Chevrolet;Equinox; /chevrolet/equinox/remont-dvigatelya/zamena-to...;Замена топливного фильтра
77;Chevrolet;Evanda; /chevrolet/evanda/remont-dvigatelya/zamena-top...;Замена топливного фильтра
78;Chevrolet;Express; /chevrolet/express/remont-dvigatelya/zamena-to...;Замена топливного фильтра
79;Chevrolet;HHR; /chevrolet/hhr/remont-dvigatelya/zamena-topliv...;Замена топливного фильтра
80;Chevrolet;Impala; /chevrolet/impala/remont-dvigatelya/zamena-top...;Замена топливного фильтра
81;Chevrolet;Kalos; /chevrolet/kalos-2/remont-dvigatelya/zamena-to...;Замена топливного фильтра
82;Chevrolet;Lacetti; /chevrolet/lacetti/remont-dvigatelya/zamena-to...;Замена топливного фильтра
83;Chevrolet;Lanos; /chevrolet/lanos/remont-dvigatelya/zamena-topl...;Замена топливного фильтра
84;Chevrolet;Lumina; /chevrolet/lumina/remont-dvigatelya/zamena-top...;Замена топливного фильтра
85;Chevrolet;LUV D-MAX; /chevrolet/luv-d-max/remont-dvigatelya/zamena-...;Замена топливного фильтра
86;Chevrolet;Malibu; /chevrolet/malibu/remont-dvigatelya/zamena-top...;Замена топливного фильтра
87;Chevrolet;Monte Carlo; /chevrolet/monte-carlo/remont-dvigatelya/zamen...;Замена топливного фильтра
88;Chevrolet;MW; /chevrolet/mw/remont-dvigatelya/zamena-toplivn...;Замена топливного фильтра
89;Chevrolet;Niva; /chevrolet/niva/remont-dvigatelya/zamena-topli...;Замена топливного фильтра
90;Chevrolet;Nubira; /chevrolet/nubira-2/remont-dvigatelya/zamena-t...;Замена топливного фильтра
91;Chevrolet;Omega; /chevrolet/omega/remont-dvigatelya/zamena-topl...;Замена топливного фильтра
92;Chevrolet;Orlando; /chevrolet/orlando/remont-dvigatelya/zamena-to...;Замена топливного фильтра
93;Chevrolet;Rezzo; /chevrolet/rezzo/remont-dvigatelya/zamena-topl...;Замена топливного фильтра
94;Chevrolet;S-10; /chevrolet/s-10/remont-dvigatelya/zamena-topli...;Замена топливного фильтра
95;Chevrolet;Sail; /chevrolet/sail/remont-dvigatelya/zamena-topli...;Замена топливного фильтра
96;Chevrolet;Sonic; /chevrolet/sonic/remont-dvigatelya/zamena-topl...;Замена топливного фильтра
97;Chevrolet;Spark; /chevrolet/spark/remont-dvigatelya/zamena-topl...;Замена топливного фильтра
98;Chevrolet;SSR; /chevrolet/ssr/remont-dvigatelya/zamena-topliv...;Замена топливного фильтра
99;Chevrolet;Suburban; /chevrolet/suburban/remont-dvigatelya/zamena-t...;Замена топливного фильтра
100;Chevrolet;Tahoe; /chevrolet/tahoe/remont-dvigatelya/zamena-topl...;Замена топливного фильтра
101;Chevrolet;Tavera; /chevrolet/tavera/remont-dvigatelya/zamena-top...;Замена топливного фильтра
102;Chevrolet;Tracker; /chevrolet/tracker/remont-dvigatelya/zamena-to...;Замена топливного фильтра
103;Chevrolet;TrailBlazer; /chevrolet/trailblazer/remont-dvigatelya/zamen...;Замена топливного фильтра
104;Chevrolet;Trans Sport; /chevrolet/trans-sport/remont-dvigatelya/zamen...;Замена топливного фильтра
105;Chevrolet;Traverse; /chevrolet/traverse/remont-dvigatelya/zamena-t...;Замена топливного фильтра
106;Chevrolet;Uplander; /chevrolet/uplander/remont-dvigatelya/zamena-t...;Замена топливного фильтра
107;Chevrolet;Vectra; /chevrolet/vectra/remont-dvigatelya/zamena-top...;Замена топливного фильтра
108;Chevrolet;Venture; /chevrolet/venture/remont-dvigatelya/zamena-to...;Замена топливного фильтра
109;Chevrolet;Viva; /chevrolet/viva/remont-dvigatelya/zamena-topli...;Замена топливного фильтра
110;Chevrolet;Volt; /chevrolet/volt/remont-dvigatelya/zamena-topli...;Замена топливного фильтра
111;Chevrolet;Zafira; /chevrolet/zafira/remont-dvigatelya/zamena-top...;Замена топливного фильтра
112;Chevrolet;Silverado; /chevrolet/silverado/remont-dvigatelya/zamena-...;Замена топливного фильтра
113;Chevrolet;Agile; /chevrolet/agile/remont-dvigatelya/zamena-topl...;Замена топливного фильтра
114;Chevrolet;Beat; /chevrolet/beat/remont-dvigatelya/zamena-topli...;Замена топливного фильтра
115;Chevrolet;Combo; /chevrolet/combo/remont-dvigatelya/zamena-topl...;Замена топливного фильтра
116;Chevrolet;Enjoy; /chevrolet/enjoy/remont-dvigatelya/zamena-topl...;Замена топливного фильтра
117;Chevrolet;Grand Vitara; /chevrolet/grand-vitara/remont-dvigatelya/zame...;Замена топливного фильтра
118;Chevrolet;Jimny; /chevrolet/jimny/remont-dvigatelya/zamena-topl...;Замена топливного фильтра
119;Chevrolet;Lova; /chevrolet/lova/remont-dvigatelya/zamena-topli...;Замена топливного фильтра
120;Chevrolet;Matiz; /chevrolet/matiz-2/remont-dvigatelya/zamena-to...;Замена топливного фильтра
121;Chevrolet;Meriva; /chevrolet/meriva/remont-dvigatelya/zamena-top...;Замена топливного фильтра
122;Chevrolet;Montana; /chevrolet/montana/remont-dvigatelya/zamena-to...;Замена топливного фильтра
123;Chevrolet;N200; /chevrolet/n200/remont-dvigatelya/zamena-topli...;Замена топливного фильтра
124;Chevrolet;N300; /chevrolet/n300/remont-dvigatelya/zamena-topli...;Замена топливного фильтра
125;Chevrolet;Onix; /chevrolet/onix/remont-dvigatelya/zamena-topli...;Замена топливного фильтра
126;Chevrolet;Optra; /chevrolet/optra/remont-dvigatelya/zamena-topl...;Замена топливного фильтра
127;Chevrolet;Prisma; /chevrolet/prisma/remont-dvigatelya/zamena-top...;Замена топливного фильтра
128;Chevrolet;Spin; /chevrolet/spin/remont-dvigatelya/zamena-topli...;Замена топливного фильтра
129;Chevrolet;Tacuma; /chevrolet/tacuma-2/remont-dvigatelya/zamena-t...;Замена топливного фильтра
130;Chevrolet;Tornado; /chevrolet/tornado/remont-dvigatelya/zamena-to...;Замена топливного фильтра
131;Chevrolet;Utility; /chevrolet/utility/remont-dvigatelya/zamena-to...;Замена топливного фильтра
132;Chevrolet;Vitara; /chevrolet/vitara/remont-dvigatelya/zamena-top...;Замена топливного фильтра
133;Chevrolet;Vivant; /chevrolet/vivant/remont-dvigatelya/zamena-top...;Замена топливного фильтра
134;Citroen ;; /citroen/slesarnyy-remont/remont-dvigatelya/za...;Замена топливного фильтра
135;Citroen ;Berlingo; /citroen/berlingo/remont-dvigatelya/zamena-top...;Замена топливного фильтра
136;Citroen ;C-Crosser; /citroen/c-crosser/remont-dvigatelya/zamena-to...;Замена топливного фильтра
137;Citroen ;C-Elysee; /citroen/c-elysee/remont-dvigatelya/zamena-top...;Замена топливного фильтра
138;Citroen ;C1; /citroen/c1/remont-dvigatelya/zamena-toplivnog...;Замена топливного фильтра
139;Citroen ;C2; /citroen/c2/remont-dvigatelya/zamena-toplivnog...;Замена топливного фильтра
140;Citroen ;C3; /citroen/c3/remont-dvigatelya/zamena-toplivnog...;Замена топливного фильтра
141;Citroen ;C3 Picasso; /citroen/c3-picasso/remont-dvigatelya/zamena-t...;Замена топливного фильтра
142;Citroen ;C4 AirCross; /citroen/c4-aircross/remont-dvigatelya/zamena-...;Замена топливного фильтра
143;Citroen ;C4; /citroen/c4/remont-dvigatelya/zamena-toplivnog...;Замена топливного фильтра
144;Citroen ;C4 Picasso; /citroen/c4-picasso/remont-dvigatelya/zamena-t...;Замена топливного фильтра
145;Citroen ;C5; /citroen/c5/remont-dvigatelya/zamena-toplivnog...;Замена топливного фильтра
146;Citroen ;C6; /citroen/c6/remont-dvigatelya/zamena-toplivnog...;Замена топливного фильтра
147;Citroen ;C8; /citroen/c8/remont-dvigatelya/zamena-toplivnog...;Замена топливного фильтра
148;Citroen ;DS3; /citroen/ds3/remont-dvigatelya/zamena-toplivno...;Замена топливного фильтра
149;Citroen ;DS4; /citroen/ds4/remont-dvigatelya/zamena-toplivno...;Замена топливного фильтра
150;Citroen ;DS5; /citroen/ds5/remont-dvigatelya/zamena-toplivno...;Замена топливного фильтра
151;Citroen ;Xantia; /citroen/xantia/remont-dvigatelya/zamena-topli...;Замена топливного фильтра
152;Citroen ;XM; /citroen/xm/remont-dvigatelya/zamena-toplivnog...;Замена топливного фильтра
153;Citroen ;Xsara Picasso; /citroen/xsara-picasso/remont-dvigatelya/zamen...;Замена топливного фильтра
154;Citroen ;Jumpy; /citroen/jumpy/remont-dvigatelya/zamena-topliv...;Замена топливного фильтра
155;Citroen ;Jumper; /citroen/jumper/remont-dvigatelya/zamena-topli...;Замена топливного фильтра
156;Daewoo;;/daewoo/remont-dvigatelya/zamena-toplivnogo-filtra;Замена топливного фильтра
157;Daewoo;Damas; /daewoo/damas/remont-dvigatelya/zamena-toplivn...;Замена топливного фильтра
158;Daewoo;Evanda; /daewoo/evanda-2/slesarnyy-remont/remont-dviga...;Замена топливного фильтра
159;Daewoo;G2X; /daewoo/g2x/slesarnyy-remont/remont-dvigatelya...;Замена топливного фильтра
160;Daewoo;Gentra; /daewoo/gentra/slesarnyy-remont/remont-dvigate...;Замена топливного фильтра
161;Daewoo;Kalos; /daewoo/kalos/slesarnyy-remont/remont-dvigatel...;Замена топливного фильтра
162;Daewoo;Lacetti; /daewoo/lacetti-2/slesarnyy-remont/remont-dvig...;Замена топливного фильтра
163;Daewoo;Magnus; /daewoo/magnus/remont-dvigatelya/zamena-topliv...;Замена топливного фильтра
164;Daewoo;Matiz; /daewoo/matiz/slesarnyy-remont/remont-dvigatel...;Замена топливного фильтра
165;Daewoo;Nexia; /daewoo/nexia/slesarnyy-remont/remont-dvigatel...;Замена топливного фильтра
166;Daewoo;Nubira; /daewoo/nubira/slesarnyy-remont/remont-dvigate...;Замена топливного фильтра
167;Daewoo;Rezzo; /daewoo/rezzo-2/slesarnyy-remont/remont-dvigat...;Замена топливного фильтра
168;Daewoo;Tosca; /daewoo/tosca/slesarnyy-remont/remont-dvigatel...;Замена топливного фильтра
169;Daewoo;Winstorm; /daewoo/winstorm/slesarnyy-remont/remont-dviga...;Замена топливного фильтра
170;Daewoo;Sens; /daewoo/sens/slesarnyy-remont/remont-dvigately...;Замена топливного фильтра
171;Dodge;; /dodge/slesarnyy-remont/remont-dvigatelya/zame...;Замена топливного фильтра
172;Dodge;Avenger; /dodge/avenger/remont-dvigatelya/zamena-topliv...;Замена топливного фильтра
173;Dodge;Caliber; /dodge/caliber/remont-dvigatelya/zamena-topliv...;Замена топливного фильтра
174;Dodge;Caravan; /dodge/caravan/remont-dvigatelya/zamena-topliv...;Замена топливного фильтра
175;Dodge;Challenger; /dodge/challenger/remont-dvigatelya/zamena-top...;Замена топливного фильтра
176;Dodge;Charger; /dodge/charger/remont-dvigatelya/zamena-topliv...;Замена топливного фильтра
177;Dodge;Dakota; /dodge/dakota/remont-dvigatelya/zamena-toplivn...;Замена топливного фильтра
178;Dodge;Durango; /dodge/durango/remont-dvigatelya/zamena-topliv...;Замена топливного фильтра
179;Dodge;Journey; /dodge/journey/remont-dvigatelya/zamena-topliv...;Замена топливного фильтра
180;Dodge;Magnum; /dodge/magnum/remont-dvigatelya/zamena-toplivn...;Замена топливного фильтра
181;Dodge;Neon; /dodge/neon/remont-dvigatelya/zamena-toplivnog...;Замена топливного фильтра
182;Dodge;Nitro; /dodge/nitro/remont-dvigatelya/zamena-toplivno...;Замена топливного фильтра
183;Dodge;Ram; /dodge/ram/remont-dvigatelya/zamena-toplivnogo...;Замена топливного фильтра
184;Dodge;Stratus; /dodge/stratus/remont-dvigatelya/zamena-topliv...;Замена топливного фильтра
185;Dodge;Viper; /dodge/viper/remont-dvigatelya/zamena-toplivno...;Замена топливного фильтра
186;Fiat;; /fiat/slesarnyy-remont/remont-dvigatelya/zamen...;Замена топливного фильтра
187;Fiat;500; /fiat/500/slesarnyy-remont/remont-dvigatelya/z...;Замена топливного фильтра
188;Fiat;500L; /fiat/500l/slesarnyy-remont/remont-dvigatelya/...;Замена топливного фильтра
189;Fiat;600; /fiat/600/slesarnyy-remont/remont-dvigatelya/z...;Замена топливного фильтра
190;Fiat;Albea; /fiat/albea/slesarnyy-remont/remont-dvigatelya...;Замена топливного фильтра
191;Fiat;Bravo; /fiat/bravo/slesarnyy-remont/remont-dvigatelya...;Замена топливного фильтра
192;Fiat;Croma; /fiat/croma/slesarnyy-remont/remont-dvigatelya...;Замена топливного фильтра
193;Fiat;Doblo; /fiat/doblo/slesarnyy-remont/remont-dvigatelya...;Замена топливного фильтра
194;Fiat;Fiorino; /fiat/fiorino/slesarnyy-remont/remont-dvigatel...;Замена топливного фильтра
195;Fiat;Freemont; /fiat/freemont/slesarnyy-remont/remont-dvigate...;Замена топливного фильтра
196;Fiat;Idea; /fiat/idea/slesarnyy-remont/remont-dvigatelya/...;Замена топливного фильтра
197;Fiat;Linea; /fiat/linea/slesarnyy-remont/remont-dvigatelya...;Замена топливного фильтра
198;Fiat;Multipla; /fiat/multipla/slesarnyy-remont/remont-dvigate...;Замена топливного фильтра
199;Fiat;Palio; /fiat/palio/slesarnyy-remont/remont-dvigatelya...;Замена топливного фильтра
200;Fiat;Panda; /fiat/panda/slesarnyy-remont/remont-dvigatelya...;Замена топливного фильтра
201;Fiat;Punto; /fiat/punto/slesarnyy-remont/remont-dvigatelya...;Замена топливного фильтра
202;Fiat;Sedici; /fiat/sedici/slesarnyy-remont/remont-dvigately...;Замена топливного фильтра
203;Fiat;Siena; /fiat/siena/slesarnyy-remont/remont-dvigatelya...;Замена топливного фильтра
204;Fiat;Stilo; /fiat/stilo/slesarnyy-remont/remont-dvigatelya...;Замена топливного фильтра
205;Fiat;Ulysse; /fiat/ulysse/slesarnyy-remont/remont-dvigately...;Замена топливного фильтра
206;Fiat;Scudo; /fiat/scudo/slesarnyy-remont/remont-dvigatelya...;Замена топливного фильтра
207;Fiat;Ducato; /fiat/ducato/slesarnyy-remont/remont-dvigately...;Замена топливного фильтра
208;Ford;; /ford/slesarnyy-remont/remont-dvigatelya/zamen...;Замена топливного фильтра
209;Ford;C-Max; /ford/c-max/remont-dvigatelya/zamena-toplivnog...;Замена топливного фильтра
210;Ford;Crown Victoria; /ford/crown-victoria/remont-dvigatelya/zamena-...;Замена топливного фильтра
211;Ford;EcoSport; /ford/ecosport/remont-dvigatelya/zamena-topliv...;Замена топливного фильтра
212;Ford;Edge; /ford/edge/remont-dvigatelya/zamena-toplivnogo...;Замена топливного фильтра
213;Ford;Escape; /ford/escape/remont-dvigatelya/zamena-toplivno...;Замена топливного фильтра
214;Ford;Expedition; /ford/expedition/remont-dvigatelya/zamena-topl...;Замена топливного фильтра
215;Ford;Explorer; /ford/explorer/remont-dvigatelya/zamena-topliv...;Замена топливного фильтра
216;Ford;Fiesta; /ford/fiesta/remont-dvigatelya/zamena-toplivno...;Замена топливного фильтра
217;Ford;Five Hundred; /ford/five-hundred/remont-dvigatelya/zamena-to...;Замена топливного фильтра
218;Ford;Flex; /ford/flex/remont-dvigatelya/zamena-toplivnogo...;Замена топливного фильтра
219;Ford;Focus; /ford/focus/remont-dvigatelya/zamena-toplivnog...;Замена топливного фильтра
220;Ford;Freestyle; /ford/freestyle/remont-dvigatelya/zamena-topli...;Замена топливного фильтра
221;Ford;Fusion; /ford/fusion/remont-dvigatelya/zamena-toplivno...;Замена топливного фильтра
222;Ford;Galaxy; /ford/galaxy/remont-dvigatelya/zamena-toplivno...;Замена топливного фильтра
223;Ford;GT; /ford/gt-2/remont-dvigatelya/zamena-toplivnogo...;Замена топливного фильтра
224;Ford;Ka; /ford/ka/remont-dvigatelya/zamena-toplivnogo-f...;Замена топливного фильтра
225;Ford;Kuga; /ford/kuga/remont-dvigatelya/zamena-toplivnogo...;Замена топливного фильтра
226;Ford;Maverick; /ford/maverick/remont-dvigatelya/zamena-topliv...;Замена топливного фильтра
227;Ford;Mondeo; /ford/mondeo/remont-dvigatelya/zamena-toplivno...;Замена топливного фильтра
228;Ford;Mustang; /ford/mustang/remont-dvigatelya/zamena-toplivn...;Замена топливного фильтра
229;Ford;Ranger; /ford/ranger/remont-dvigatelya/zamena-toplivno...;Замена топливного фильтра
230;Ford;S-Max; /ford/s-max/remont-dvigatelya/zamena-toplivnog...;Замена топливного фильтра
231;Ford;Taurus; /ford/taurus/remont-dvigatelya/zamena-toplivno...;Замена топливного фильтра
232;Ford;Taurus X; /ford/taurus-x/remont-dvigatelya/zamena-topliv...;Замена топливного фильтра
233;Ford;Tourneo Connect; /ford/tourneo-connect/remont-dvigatelya/zamena...;Замена топливного фильтра
234;Ford;Tourneo Custom; /ford/tourneo-custom/remont-dvigatelya/zamena-...;Замена топливного фильтра
235;Ford;Explorer Sport Trac; /ford/explorer-sport-trac/remont-dvigatelya/za...;Замена топливного фильтра
236;Ford;Transit Custom; /ford/transit-custom/remont-dvigatelya/zamena-...;Замена топливного фильтра
237;Ford;E-Series; /ford/e-series/remont-dvigatelya/zamena-topliv...;Замена топливного фильтра
238;Ford;F-Series; /ford/f-series/remont-dvigatelya/zamena-topliv...;Замена топливного фильтра
239;Ford;Grand C-Max; /ford/grand-c-max/remont-dvigatelya/zamena-top...;Замена топливного фильтра
240;Ford;Shelby; /ford/shelby/remont-dvigatelya/zamena-toplivno...;Замена топливного фильтра
241;Ford;Transit; /ford/transit/remont-dvigatelya/zamena-toplivn...;Замена топливного фильтра
242;Ford;Transit Connect; /ford/transit-connect/remont-dvigatelya/zamena...;Замена топливного фильтра
243;Honda;; /honda/slesarnyy-remont/remont-dvigatelya/zame...;Замена топливного фильтра
244;Honda;Accord; /honda/accord/remont-dvigatelya/zamena-toplivn...;Замена топливного фильтра
245;Honda;Airwave; /honda/airwave/remont-dvigatelya/zamena-topliv...;Замена топливного фильтра
246;Honda;City; /honda/city/remont-dvigatelya/zamena-toplivnog...;Замена топливного фильтра
247;Honda;Civic; /honda/civic/remont-dvigatelya/zamena-toplivno...;Замена топливного фильтра
248;Honda;CR-V; /honda/cr-v/remont-dvigatelya/zamena-toplivnog...;Замена топливного фильтра
249;Honda;CR-Z; /honda/cr-z/remont-dvigatelya/zamena-toplivnog...;Замена топливного фильтра
250;Honda;Crossroad; /honda/crossroad/remont-dvigatelya/zamena-topl...;Замена топливного фильтра
251;Honda;Crosstour; /honda/crosstour/remont-dvigatelya/zamena-topl...;Замена топливного фильтра
252;Honda;Edix; /honda/edix/remont-dvigatelya/zamena-toplivnog...;Замена топливного фильтра
253;Honda;Element; /honda/element/remont-dvigatelya/zamena-topliv...;Замена топливного фильтра
254;Honda;Elysion; /honda/elysion/remont-dvigatelya/zamena-topliv...;Замена топливного фильтра
255;Honda;Fit Aria; /honda/fit-aria/remont-dvigatelya/zamena-topli...;Замена топливного фильтра
256;Honda;Fit; /honda/fit/remont-dvigatelya/zamena-toplivnogo...;Замена топливного фильтра
257;Honda;FR-V; /honda/fr-v/remont-dvigatelya/zamena-toplivnog...;Замена топливного фильтра
258;Honda;Freed; /honda/freed/remont-dvigatelya/zamena-toplivno...;Замена топливного фильтра
259;Honda;HR-V; /honda/hr-v/remont-dvigatelya/zamena-toplivnog...;Замена топливного фильтра
260;Honda;Insight; /honda/insight/remont-dvigatelya/zamena-topliv...;Замена топливного фильтра
261;Honda;Inspire; /honda/inspire/remont-dvigatelya/zamena-topliv...;Замена топливного фильтра
262;Honda;Integra; /honda/integra-2/remont-dvigatelya/zamena-topl...;Замена топливного фильтра
263;Honda;Jazz; /honda/jazz/remont-dvigatelya/zamena-toplivnog...;Замена топливного фильтра
264;Honda;Legend; /honda/legend/remont-dvigatelya/zamena-toplivn...;Замена топливного фильтра
265;Honda;Life; /honda/life/remont-dvigatelya/zamena-toplivnog...;Замена топливного фильтра
266;Honda;Mobilio; /honda/mobilio/remont-dvigatelya/zamena-topliv...;Замена топливного фильтра
267;Honda;Odyssey; /honda/odyssey/remont-dvigatelya/zamena-topliv...;Замена топливного фильтра
268;Honda;Partner; /honda/partner/remont-dvigatelya/zamena-topliv...;Замена топливного фильтра
269;Honda;Pilot; /honda/pilot/remont-dvigatelya/zamena-toplivno...;Замена топливного фильтра
270;Honda;Ridgeline; /honda/ridgeline/remont-dvigatelya/zamena-topl...;Замена топливного фильтра
271;Honda;S2000; /honda/s2000/remont-dvigatelya/zamena-toplivno...;Замена топливного фильтра
272;Honda;Stepwgn; /honda/stepwgn/remont-dvigatelya/zamena-topliv...;Замена топливного фильтра
273;Honda;Stream; /honda/stream/remont-dvigatelya/zamena-toplivn...;Замена топливного фильтра
274;Honda;That's; /honda/thats/remont-dvigatelya/zamena-toplivno...;Замена топливного фильтра
275;Honda;Vamos; /honda/vamos/remont-dvigatelya/zamena-toplivno...;Замена топливного фильтра
276;Honda;Fit Shuttle; /honda/fit-shuttle/remont-dvigatelya/zamena-to...;Замена топливного фильтра
277;Honda;Mobilio Spike; /honda/mobilio-spike/remont-dvigatelya/zamena-...;Замена топливного фильтра
278;Hyundai;; /hyundai/slesarnyy-remont/remont-dvigatelya/za...;Замена топливного фильтра
279;Hyundai;Accent; /hyundai/accent/remont-dvigatelya/zamena-topli...;Замена топливного фильтра
280;Hyundai;Avante; /hyundai/avante/remont-dvigatelya/zamena-topli...;Замена топливного фильтра
281;Hyundai;Centennial; /hyundai/centennial/remont-dvigatelya/zamena-t...;Замена топливного фильтра
282;Hyundai;Coupe; /hyundai/coupe-2/remont-dvigatelya/zamena-topl...;Замена топливного фильтра
283;Hyundai;Elantra; /hyundai/elantra/remont-dvigatelya/zamena-topl...;Замена топливного фильтра
284;Hyundai;Equus; /hyundai/equus/remont-dvigatelya/zamena-topliv...;Замена топливного фильтра
285;Hyundai;Genesis; /hyundai/genesis/remont-dvigatelya/zamena-topl...;Замена топливного фильтра
286;Hyundai;Getz; /hyundai/getz/remont-dvigatelya/zamena-toplivn...;Замена топливного фильтра
287;Hyundai;Grandeur; /hyundai/grandeur/remont-dvigatelya/zamena-top...;Замена топливного фильтра
288;Hyundai;i10; /hyundai/i10/remont-dvigatelya/zamena-toplivno...;Замена топливного фильтра
289;Hyundai;i20; /hyundai/i20/remont-dvigatelya/zamena-toplivno...;Замена топливного фильтра
290;Hyundai;i30; /hyundai/i30/remont-dvigatelya/zamena-toplivno...;Замена топливного фильтра
291;Hyundai;i40; /hyundai/i40/remont-dvigatelya/zamena-toplivno...;Замена топливного фильтра
292;Hyundai;ix20; /hyundai/ix20/remont-dvigatelya/zamena-toplivn...;Замена топливного фильтра
293;Hyundai;ix35; /hyundai/ix35/remont-dvigatelya/zamena-toplivn...;Замена топливного фильтра
294;Hyundai;ix55; /hyundai/ix55/remont-dvigatelya/zamena-toplivn...;Замена топливного фильтра
295;Hyundai;Lavita; /hyundai/lavita/remont-dvigatelya/zamena-topli...;Замена топливного фильтра
296;Hyundai;Matrix; /hyundai/matrix/remont-dvigatelya/zamena-topli...;Замена топливного фильтра
297;Hyundai;Santa Fe; /hyundai/santa-fe/remont-dvigatelya/zamena-top...;Замена топливного фильтра
298;Hyundai;Solaris; /hyundai/solaris/remont-dvigatelya/zamena-topl...;Замена топливного фильтра
299;Hyundai;Sonata; /hyundai/sonata/remont-dvigatelya/zamena-topli...;Замена топливного фильтра
300;Hyundai;H-1; /hyundai/h-1/remont-dvigatelya/zamena-toplivno...;Замена топливного фильтра
301;Hyundai;Terracan;" /hyundai/terracan/remont-dvigatelya/zamena-top...
 /hyundai/teracan/remont-dvigatelya/zamena-topl...";Замена топливного фильтра
302;Hyundai;Tiburon; /hyundai/tiburon/remont-dvigatelya/zamena-topl...;Замена топливного фильтра
303;Hyundai;Trajet; /hyundai/trajet/remont-dvigatelya/zamena-topli...;Замена топливного фильтра
304;Hyundai;Tucson; /hyundai/tucson/remont-dvigatelya/zamena-topli...;Замена топливного фильтра
305;Hyundai;Tuscani; /hyundai/tuscani/remont-dvigatelya/zamena-topl...;Замена топливного фильтра
306;Hyundai;Veloster; /hyundai/veloster/remont-dvigatelya/zamena-top...;Замена топливного фильтра
307;Hyundai;Veracruz; /hyundai/veracruz/remont-dvigatelya/zamena-top...;Замена топливного фильтра
308;Hyundai;Verna; /hyundai/verna/remont-dvigatelya/zamena-topliv...;Замена топливного фильтра
309;Hyundai;Creta; /hyundai/creta/remont-dvigatelya/zamena-topliv...;Замена топливного фильтра
310;Hyundai;Entourage; /hyundai/entourage/remont-dvigatelya/zamena-to...;Замена топливного фильтра
311;Hyundai;Amica; /hyundai/amica/remont-dvigatelya/zamena-topliv...;Замена топливного фильтра
312;Hyundai;Atos Prime; /hyundai/atos-prime/remont-dvigatelya/zamena-t...;Замена топливного фильтра
313;Hyundai;Azera; /hyundai/azera/remont-dvigatelya/zamena-topliv...;Замена топливного фильтра
314;Hyundai;Click; /hyundai/click/remont-dvigatelya/zamena-topliv...;Замена топливного фильтра
315;Hyundai;Elantra GT; /hyundai/elantra-gt/remont-dvigatelya/zamena-t...;Замена топливного фильтра
316;Hyundai;Elantra Touring; /hyundai/elantra-touring/remont-dvigatelya/zam...;Замена топливного фильтра
317;Hyundai;Eon; /hyundai/eon/remont-dvigatelya/zamena-toplivno...;Замена топливного фильтра
318;Hyundai;Grand Avega; /hyundai/grand-avega/remont-dvigatelya/zamena-...;Замена топливного фильтра
319;Hyundai;H-100; /hyundai/h-100/remont-dvigatelya/zamena-topliv...;Замена топливного фильтра
320;Hyundai;HB20; /hyundai/hb20/remont-dvigatelya/zamena-toplivn...;Замена топливного фильтра
321;Hyundai;i45; /hyundai/i45/remont-dvigatelya/zamena-toplivno...;Замена топливного фильтра
322;Hyundai;i800; /hyundai/i800/remont-dvigatelya/zamena-toplivn...;Замена топливного фильтра
323;Hyundai;iLoad; /hyundai/iload/remont-dvigatelya/zamena-topliv...;Замена топливного фильтра
324;Hyundai;iMax; /hyundai/imax/remont-dvigatelya/zamena-toplivn...;Замена топливного фильтра
325;Hyundai;NF; /hyundai/nf/remont-dvigatelya/zamena-toplivnog...;Замена топливного фильтра
326;Hyundai;Porter; /hyundai/porter/remont-dvigatelya/zamena-topli...;Замена топливного фильтра
327;Hyundai;Rohens; /hyundai/rohens/remont-dvigatelya/zamena-topli...;Замена топливного фильтра
328;Hyundai;Satellite; /hyundai/satellite/remont-dvigatelya/zamena-to...;Замена топливного фильтра
329;Hyundai;Starex; /hyundai/starex/remont-dvigatelya/zamena-topli...;Замена топливного фильтра
330;Hyundai;TB; /hyundai/tb/remont-dvigatelya/zamena-toplivnog...;Замена топливного фильтра
331;Hyundai;Trajet XG; /hyundai/trajet-xg/remont-dvigatelya/zamena-to...;Замена топливного фильтра
332;Hyundai;Tucson ix; /hyundai/tucson-ix/remont-dvigatelya/zamena-to...;Замена топливного фильтра
333;Infiniti;; /infiniti/slesarnyy-remont/remont-dvigatelya/z...;Замена топливного фильтра
334;Infiniti;EX-Series; /infiniti/ex-series/remont-dvigatelya/zamena-t...;Замена топливного фильтра
335;Infiniti;FX-Series; /infiniti/fx-series/remont-dvigatelya/zamena-t...;Замена топливного фильтра
336;Infiniti;G-Series; /infiniti/g-series/remont-dvigatelya/zamena-to...;Замена топливного фильтра
337;Infiniti;JX-Series; /infiniti/jx-series/remont-dvigatelya/zamena-t...;Замена топливного фильтра
338;Infiniti;M-Series; /infiniti/m-series/remont-dvigatelya/zamena-to...;Замена топливного фильтра
339;Infiniti;Q45; /infiniti/q45/remont-dvigatelya/zamena-toplivn...;Замена топливного фильтра
340;Infiniti;Q50; /infiniti/q50/remont-dvigatelya/zamena-toplivn...;Замена топливного фильтра
341;Infiniti;Q60; /infiniti/q60/remont-dvigatelya/zamena-toplivn...;Замена топливного фильтра
342;Infiniti;QX-Series; /infiniti/qx-series/remont-dvigatelya/zamena-t...;Замена топливного фильтра
343;Infiniti;QX50; /infiniti/qx50/remont-dvigatelya/zamena-topliv...;Замена топливного фильтра
344;Infiniti;QX60; /infiniti/qx60/remont-dvigatelya/zamena-topliv...;Замена топливного фильтра
345;Infiniti;QX70; /infiniti/qx70/remont-dvigatelya/zamena-topliv...;Замена топливного фильтра
346;Infiniti;QX80; /infiniti/qx80/remont-dvigatelya/zamena-topliv...;Замена топливного фильтра
347;Infiniti;Q70; /infiniti/q70/remont-dvigatelya/zamena-toplivn...;Замена топливного фильтра
348;Infiniti;I-Series; /infiniti/i-series/remont-dvigatelya/zamena-to...;Замена топливного фильтра
349;Jeep;; /jeep/slesarnyy-remont/remont-dvigatelya/zamen...;Замена топливного фильтра
350;Jeep;Cherokee; /jeep/cherokee/slesarnyy-remont/remont-dvigate...;Замена топливного фильтра
351;Jeep;Commander; /jeep/commander/slesarnyy-remont/remont-dvigat...;Замена топливного фильтра
352;Jeep;Compass; /jeep/compass/slesarnyy-remont/remont-dvigatel...;Замена топливного фильтра
353;Jeep;Grand Cherokee; /jeep/grand-cherokee/slesarnyy-remont/remont-d...;Замена топливного фильтра
354;Jeep;Liberty; /jeep/liberty/slesarnyy-remont/remont-dvigatel...;Замена топливного фильтра
355;Jeep;Patriot; /jeep/patriot/slesarnyy-remont/remont-dvigatel...;Замена топливного фильтра
356;Jeep;Wrangler; /jeep/wrangler/slesarnyy-remont/remont-dvigate...;Замена топливного фильтра
357;Jeep;Renegade; /jeep/renegade/slesarnyy-remont/remont-dvigate...;Замена топливного фильтра
358;Kia;; /kia/slesarnyy-remont/remont-dvigatelya/zamena...;Замена топливного фильтра
359;Kia;Cadenza; /kia/cadenza/remont-dvigatelya/zamena-toplivno...;Замена топливного фильтра
360;Kia;Carens; /kia/carens/remont-dvigatelya/zamena-toplivnog...;Замена топливного фильтра
361;Kia;Carnival; /kia/carnival/remont-dvigatelya/zamena-toplivn...;Замена топливного фильтра
362;Kia;Cee'd; /kia/ceed/remont-dvigatelya/zamena-toplivnogo-...;Замена топливного фильтра
363;Kia;Cerato; /kia/cerato/remont-dvigatelya/zamena-toplivnog...;Замена топливного фильтра
364;Kia;Magentis; /kia/magentis/remont-dvigatelya/zamena-toplivn...;Замена топливного фильтра
365;Kia;Opirus; /kia/opirus/remont-dvigatelya/zamena-toplivnog...;Замена топливного фильтра
366;Kia;Optima; /kia/optima/remont-dvigatelya/zamena-toplivnog...;Замена топливного фильтра
367;Kia;Picanto; /kia/picanto/remont-dvigatelya/zamena-toplivno...;Замена топливного фильтра
368;Kia;Pride; /kia/pride/remont-dvigatelya/zamena-toplivnogo...;Замена топливного фильтра
369;Kia;Quoris; /kia/quoris/remont-dvigatelya/zamena-toplivnog...;Замена топливного фильтра
370;Kia;Ray; /kia/ray/remont-dvigatelya/zamena-toplivnogo-f...;Замена топливного фильтра
371;Kia;Rio; /kia/rio/remont-dvigatelya/zamena-toplivnogo-f...;Замена топливного фильтра
372;Kia;Sedona; /kia/sedona/remont-dvigatelya/zamena-toplivnog...;Замена топливного фильтра
373;Kia;Shuma; /kia/shuma/remont-dvigatelya/zamena-toplivnogo...;Замена топливного фильтра
374;Kia;Sorento; /kia/sorento/remont-dvigatelya/zamena-toplivno...;Замена топливного фильтра
375;Kia;Soul; /kia/soul/remont-dvigatelya/zamena-toplivnogo-...;Замена топливного фильтра
376;Kia;Spectra; /kia/spectra/remont-dvigatelya/zamena-toplivno...;Замена топливного фильтра
377;Kia;Sportage; /kia/sportage/remont-dvigatelya/zamena-toplivn...;Замена топливного фильтра
378;Kia;Venga; /kia/venga/remont-dvigatelya/zamena-toplivnogo...;Замена топливного фильтра
379;Kia;Amanti; /kia/amanti/remont-dvigatelya/zamena-toplivnog...;Замена топливного фильтра
380;Kia;Bongo; /kia/bongo/remont-dvigatelya/zamena-toplivnogo...;Замена топливного фильтра
381;Kia;Forte; /kia/forte/remont-dvigatelya/zamena-toplivnogo...;Замена топливного фильтра
382;Kia;K2; /kia/k2/remont-dvigatelya/zamena-toplivnogo-fi...;Замена топливного фильтра
383;Kia;K3; /kia/k3/remont-dvigatelya/zamena-toplivnogo-fi...;Замена топливного фильтра
384;Kia;K5; /kia/k5/remont-dvigatelya/zamena-toplivnogo-fi...;Замена топливного фильтра
385;Kia;K7; /kia/k7/remont-dvigatelya/zamena-toplivnogo-fi...;Замена топливного фильтра
386;Kia;K9; /kia/k9/remont-dvigatelya/zamena-toplivnogo-fi...;Замена топливного фильтра
387;Kia;Lotze; /kia/lotze/remont-dvigatelya/zamena-toplivnogo...;Замена топливного фильтра
388;Kia;Mohave; /kia/mohave/remont-dvigatelya/zamena-toplivnog...;Замена топливного фильтра
389;Kia;Morning; /kia/morning/remont-dvigatelya/zamena-toplivno...;Замена топливного фильтра
390;Kia;Pregio; /kia/pregio/remont-dvigatelya/zamena-toplivnog...;Замена топливного фильтра
391;Kia;Rondo; /kia/rondo/remont-dvigatelya/zamena-toplivnogo...;Замена топливного фильтра
392;Land Rover;; /land-rover/slesarnyy-remont/remont-dvigatelya...;Замена топливного фильтра
393;Land Rover;Defender; /land-rover/defender/slesarnyy-remont/remont-d...;Замена топливного фильтра
394;Land Rover;Discovery; /land-rover/discovery/slesarnyy-remont/remont-...;Замена топливного фильтра
395;Land Rover;Freelander; /land-rover/freelander/slesarnyy-remont/remont...;Замена топливного фильтра
396;Land Rover;Range Rover Evoque; /land-rover/range-rover-evoque/slesarnyy-remon...;Замена топливного фильтра
397;Land Rover;Range Rover; /land-rover/range-rover/slesarnyy-remont/remon...;Замена топливного фильтра
398;Land Rover;Range Rover Sport; /land-rover/range-rover-sport/slesarnyy-remont...;Замена топливного фильтра
399;Land Rover;Discovery Sport; /land-rover/discovery-sport/slesarnyy-remont/r...;Замена топливного фильтра
400;Lexus;; /lexus/slesarnyy-remont/remont-dvigatelya/zame...;Замена топливного фильтра
401;Lexus;CT; /lexus/ct/remont-dvigatelya/zamena-toplivnogo-...;Замена топливного фильтра
402;Lexus;ES; /lexus/es/remont-dvigatelya/zamena-toplivnogo-...;Замена топливного фильтра
403;Lexus;GS; /lexus/gs/remont-dvigatelya/zamena-toplivnogo-...;Замена топливного фильтра
404;Lexus;GX; /lexus/gx/remont-dvigatelya/zamena-toplivnogo-...;Замена топливного фильтра
405;Lexus;HS; /lexus/hs/remont-dvigatelya/zamena-toplivnogo-...;Замена топливного фильтра
406;Lexus;IS; /lexus/is/remont-dvigatelya/zamena-toplivnogo-...;Замена топливного фильтра
407;Lexus;LS; /lexus/ls/remont-dvigatelya/zamena-toplivnogo-...;Замена топливного фильтра
408;Lexus;LX; /lexus/lx/remont-dvigatelya/zamena-toplivnogo-...;Замена топливного фильтра
409;Lexus;RC; /lexus/rc/remont-dvigatelya/zamena-toplivnogo-...;Замена топливного фильтра
410;Lexus;RX; /lexus/rx/remont-dvigatelya/zamena-toplivnogo-...;Замена топливного фильтра
411;Lexus;SC; /lexus/sc/remont-dvigatelya/zamena-toplivnogo-...;Замена топливного фильтра
412;Lexus;NX; /lexus/nx/remont-dvigatelya/zamena-toplivnogo-...;Замена топливного фильтра
413;Mazda;; /mazda/slesarnyy-remont/remont-dvigatelya/zame...;Замена топливного фильтра
414;Mazda;2; /mazda/2/remont-dvigatelya/zamena-toplivnogo-f...;Замена топливного фильтра
415;Mazda;3; /mazda/3/remont-dvigatelya/zamena-toplivnogo-f...;Замена топливного фильтра
416;Mazda;323; /mazda/323/remont-dvigatelya/zamena-toplivnogo...;Замена топливного фильтра
417;Mazda;5; /mazda/5/remont-dvigatelya/zamena-toplivnogo-f...;Замена топливного фильтра
418;Mazda;6; /mazda/6/remont-dvigatelya/zamena-toplivnogo-f...;Замена топливного фильтра
419;Mazda;Atenza; /mazda/atenza/remont-dvigatelya/zamena-toplivn...;Замена топливного фильтра
420;Mazda;Axela; /mazda/axela/remont-dvigatelya/zamena-toplivno...;Замена топливного фильтра
421;Mazda;AZ-Wagon; /mazda/az-wagon/remont-dvigatelya/zamena-topli...;Замена топливного фильтра
422;Mazda;B-Series; /mazda/b-series/remont-dvigatelya/zamena-topli...;Замена топливного фильтра
423;Mazda;Biante; /mazda/biante/remont-dvigatelya/zamena-toplivn...;Замена топливного фильтра
424;Mazda;Bongo Friendee; /mazda/bongo-friendee/remont-dvigatelya/zamena...;Замена топливного фильтра
425;Mazda;Bongo; /mazda/bongo-2/remont-dvigatelya/zamena-topliv...;Замена топливного фильтра
426;Mazda;BT-50; /mazda/bt-50/remont-dvigatelya/zamena-toplivno...;Замена топливного фильтра
427;Mazda;Carol; /mazda/carol/remont-dvigatelya/zamena-toplivno...;Замена топливного фильтра
428;Mazda;CX-5; /mazda/cx-5/remont-dvigatelya/zamena-toplivnog...;Замена топливного фильтра
429;Mazda;CX-7; /mazda/cx-7/remont-dvigatelya/zamena-toplivnog...;Замена топливного фильтра
430;Mazda;CX-9; /mazda/cx-9/remont-dvigatelya/zamena-toplivnog...;Замена топливного фильтра
431;Mazda;Demio; /mazda/demio/remont-dvigatelya/zamena-toplivno...;Замена топливного фильтра
432;Mazda;Laputa; /mazda/laputa/remont-dvigatelya/zamena-toplivn...;Замена топливного фильтра
433;Mazda;MPV; /mazda/mpv/remont-dvigatelya/zamena-toplivnogo...;Замена топливного фильтра
434;Mazda;MX-5; /mazda/mx-5/remont-dvigatelya/zamena-toplivnog...;Замена топливного фильтра
435;Mazda;Premacy; /mazda/premacy/remont-dvigatelya/zamena-topliv...;Замена топливного фильтра
436;Mazda;RX-8; /mazda/rx-8/remont-dvigatelya/zamena-toplivnog...;Замена топливного фильтра
437;Mazda;Spiano; /mazda/spiano/remont-dvigatelya/zamena-toplivn...;Замена топливного фильтра
438;Mazda;Tribute; /mazda/tribute/remont-dvigatelya/zamena-topliv...;Замена топливного фильтра
439;Mazda;Verisa; /mazda/verisa/remont-dvigatelya/zamena-toplivn...;Замена топливного фильтра
440;Mazda;Flair; /mazda/flair/remont-dvigatelya/zamena-toplivno...;Замена топливного фильтра
441;Mazda;Levante; /mazda/levante/remont-dvigatelya/zamena-topliv...;Замена топливного фильтра
442;Mazda;Titan; /mazda/titan/remont-dvigatelya/zamena-toplivno...;Замена топливного фильтра
443;Mercedes-Benz;; /mercedes-benz/slesarnyy-remont/remont-dvigate...;Замена топливного фильтра
444;Mercedes-Benz;Citan; /mercedes-benz/citan/remont-dvigatelya/zamena-...;Замена топливного фильтра
445;Mercedes-Benz;SLS AMG; /mercedes-benz/sls-amg/remont-dvigatelya/zamen...;Замена топливного фильтра
446;Mercedes-Benz;Viano; /mercedes-benz/viano/remont-dvigatelya/zamena-...;Замена топливного фильтра
447;Mercedes-Benz;Vito; /mercedes-benz/vito/remont-dvigatelya/zamena-t...;Замена топливного фильтра
448;Mercedes-Benz;AMG GT; /mercedes-benz/amg-gt/remont-dvigatelya/zamena...;Замена топливного фильтра
449;Mercedes-Benz;GLE-Класс; /mercedes-benz/gle-klass/remont-dvigatelya/zam...;Замена топливного фильтра
450;Mercedes-Benz;GLC-Класс; /mercedes-benz/glc-klass/remont-dvigatelya/zam...;Замена топливного фильтра
451;Mercedes-Benz;A-Class; /mercedes-benz/a-klass/remont-dvigatelya/zamen...;Замена топливного фильтра
452;Mercedes-Benz;B-Class; /mercedes-benz/b-klass/remont-dvigatelya/zamen...;Замена топливного фильтра
453;Mercedes-Benz;CLA-Class; /mercedes-benz/cla-klass/remont-dvigatelya/zam...;Замена топливного фильтра
454;Mercedes-Benz;CLC-Class; /mercedes-benz/clc-klass/remont-dvigatelya/zam...;Замена топливного фильтра
455;Mercedes-Benz;CLK-Класс; /mercedes-benz/clk-klass/remont-dvigatelya/zam...;Замена топливного фильтра
456;Mercedes-Benz;CLS-Class; /mercedes-benz/cls-klass/remont-dvigatelya/zam...;Замена топливного фильтра
457;Mercedes-Benz;CL-Class; /mercedes-benz/cl-klass/remont-dvigatelya/zame...;Замена топливного фильтра
458;Mercedes-Benz;C-Class; /mercedes-benz/c-klass/remont-dvigatelya/zamen...;Замена топливного фильтра
459;Mercedes-Benz;E-Class; /mercedes-benz/e-klass/remont-dvigatelya/zamen...;Замена топливного фильтра
460;Mercedes-Benz;GLA-Class; /mercedes-benz/gla-klass/remont-dvigatelya/zam...;Замена топливного фильтра
461;Mercedes-Benz;GLK-Class; /mercedes-benz/glk-klass/remont-dvigatelya/zam...;Замена топливного фильтра
462;Mercedes-Benz;GLS-Class; /mercedes-benz/gls-klass/remont-dvigatelya/zam...;Замена топливного фильтра
463;Mercedes-Benz;GL-Class; /mercedes-benz/gl-klass/remont-dvigatelya/zame...;Замена топливного фильтра
464;Mercedes-Benz;G-Class; /mercedes-benz/g-klass/remont-dvigatelya/zamen...;Замена топливного фильтра
465;Mercedes-Benz;M-Class; /mercedes-benz/m-klass/remont-dvigatelya/zamen...;Замена топливного фильтра
466;Mercedes-Benz;R-Class; /mercedes-benz/r-klass/remont-dvigatelya/zamen...;Замена топливного фильтра
467;Mercedes-Benz;SLC-Class; /mercedes-benz/slc-klass/remont-dvigatelya/zam...;Замена топливного фильтра
468;Mercedes-Benz;SLK-Class; /mercedes-benz/slk-klass/remont-dvigatelya/zam...;Замена топливного фильтра
469;Mercedes-Benz;SLR-Class; /mercedes-benz/slr-klass/remont-dvigatelya/zam...;Замена топливного фильтра
470;Mercedes-Benz;SL-Class; /mercedes-benz/sl-klass/remont-dvigatelya/zame...;Замена топливного фильтра
471;Mercedes-Benz;Sprinter; /mercedes-benz/sprinter/remont-dvigatelya/zame...;Замена топливного фильтра
472;Mercedes-Benz;S-Class; /mercedes-benz/s-klass/remont-dvigatelya/zamen...;Замена топливного фильтра
473;Mercedes-Benz;V-Class; /mercedes-benz/v-klass/remont-dvigatelya/zamen...;Замена топливного фильтра
474;Mitsubishi;; /mitsubishi/slesarnyy-remont/remont-dvigatelya...;Замена топливного фильтра
475;Mitsubishi;ASX; /mitsubishi/asx/remont-dvigatelya/zamena-topli...;Замена топливного фильтра
476;Mitsubishi;Colt; /mitsubishi/colt/remont-dvigatelya/zamena-topl...;Замена топливного фильтра
477;Mitsubishi;Delica; /mitsubishi/delica/remont-dvigatelya/zamena-to...;Замена топливного фильтра
478;Mitsubishi;Dingo; /mitsubishi/dingo/remont-dvigatelya/zamena-top...;Замена топливного фильтра
479;Mitsubishi;Dion; /mitsubishi/dion/remont-dvigatelya/zamena-topl...;Замена топливного фильтра
480;Mitsubishi;Eclipse; /mitsubishi/eclipse/remont-dvigatelya/zamena-t...;Замена топливного фильтра
481;Mitsubishi;EK Wagon; /mitsubishi/ek-wagon/remont-dvigatelya/zamena-...;Замена топливного фильтра
482;Mitsubishi;Endeavor; /mitsubishi/endeavor/remont-dvigatelya/zamena-...;Замена топливного фильтра
483;Mitsubishi;FTO; /mitsubishi/fto/remont-dvigatelya/zamena-topli...;Замена топливного фильтра
484;Mitsubishi;Galant; /mitsubishi/galant/remont-dvigatelya/zamena-to...;Замена топливного фильтра
485;Mitsubishi;Grandis; /mitsubishi/grandis/remont-dvigatelya/zamena-t...;Замена топливного фильтра
486;Mitsubishi;i; /mitsubishi/i/remont-dvigatelya/zamena-toplivn...;Замена топливного фильтра
487;Mitsubishi;i-MiEV; /mitsubishi/i-miev/remont-dvigatelya/zamena-to...;Замена топливного фильтра
488;Mitsubishi;L200; /mitsubishi/l200/remont-dvigatelya/zamena-topl...;Замена топливного фильтра
489;Mitsubishi;Lancer Evolution; /mitsubishi/lancer-evolution/remont-dvigatelya...;Замена топливного фильтра
490;Mitsubishi;Lancer; /mitsubishi/lancer/remont-dvigatelya/zamena-to...;Замена топливного фильтра
491;Mitsubishi;Montero; /mitsubishi/montero/remont-dvigatelya/zamena-t...;Замена топливного фильтра
492;Mitsubishi;Outlander; /mitsubishi/outlander/remont-dvigatelya/zamena...;Замена топливного фильтра
493;Mitsubishi;Pajero; /mitsubishi/pajero/remont-dvigatelya/zamena-to...;Замена топливного фильтра
494;Mitsubishi;Pajero Mini; /mitsubishi/pajero-mini/remont-dvigatelya/zame...;Замена топливного фильтра
495;Mitsubishi;Pajero Pinin; /mitsubishi/pajero-pinin/remont-dvigatelya/zam...;Замена топливного фильтра
496;Mitsubishi;Pajero Sport; /mitsubishi/pajero-sport/remont-dvigatelya/zam...;Замена топливного фильтра
497;Mitsubishi;Proudia; /mitsubishi/proudia/remont-dvigatelya/zamena-t...;Замена топливного фильтра
498;Mitsubishi;Space Gear; /mitsubishi/space-gear/remont-dvigatelya/zamen...;Замена топливного фильтра
499;Mitsubishi;Toppo; /mitsubishi/toppo/remont-dvigatelya/zamena-top...;Замена топливного фильтра
500;Mitsubishi;Town BOX; /mitsubishi/town-box/remont-dvigatelya/zamena-...;Замена топливного фильтра
501;Nissan;; /nissan/slesarnyy-remont/remont-dvigatelya/zam...;Замена топливного фильтра
502;Nissan;350Z; /nissan/350z/remont-dvigatelya/zamena-toplivno...;Замена топливного фильтра
503;Nissan;370Z; /nissan/370z/remont-dvigatelya/zamena-toplivno...;Замена топливного фильтра
504;Nissan;Almera Classic; /nissan/almera-classic/remont-dvigatelya/zamen...;Замена топливного фильтра
505;Nissan;Almera; /nissan/almera/remont-dvigatelya/zamena-topliv...;Замена топливного фильтра
506;Nissan;Almera Tino; /nissan/almera-tino/remont-dvigatelya/zamena-t...;Замена топливного фильтра
507;Nissan;Altima; /nissan/altima/remont-dvigatelya/zamena-topliv...;Замена топливного фильтра
508;Nissan;Armada; /nissan/armada/remont-dvigatelya/zamena-topliv...;Замена топливного фильтра
509;Nissan;Bluebird Sylphy; /nissan/bluebird-sylphy/remont-dvigatelya/zame...;Замена топливного фильтра
510;Nissan;Bluebird; /nissan/bluebird/remont-dvigatelya/zamena-topl...;Замена топливного фильтра
511;Nissan;Cedric; /nissan/cedric/remont-dvigatelya/zamena-topliv...;Замена топливного фильтра
512;Nissan;Cima; /nissan/cima/remont-dvigatelya/zamena-toplivno...;Замена топливного фильтра
513;Nissan;Clipper; /nissan/clipper/remont-dvigatelya/zamena-topli...;Замена топливного фильтра
514;Nissan;Crew; /nissan/crew/remont-dvigatelya/zamena-toplivno...;Замена топливного фильтра
515;Nissan;Cube; /nissan/cube/remont-dvigatelya/zamena-toplivno...;Замена топливного фильтра
516;Nissan;Dualis; /nissan/dualis/remont-dvigatelya/zamena-topliv...;Замена топливного фильтра
517;Nissan;Elgrand; /nissan/elgrand/remont-dvigatelya/zamena-topli...;Замена топливного фильтра
518;Nissan;Expert; /nissan/expert-2/remont-dvigatelya/zamena-topl...;Замена топливного фильтра
519;Nissan;Fairlady Z; /nissan/fairlady-z/remont-dvigatelya/zamena-to...;Замена топливного фильтра
520;Nissan;Fuga; /nissan/fuga/remont-dvigatelya/zamena-toplivno...;Замена топливного фильтра
521;Nissan;GT-R; /nissan/gt-r/remont-dvigatelya/zamena-toplivno...;Замена топливного фильтра
522;Nissan;Juke; /nissan/juke/remont-dvigatelya/zamena-toplivno...;Замена топливного фильтра
523;Nissan;Lafesta; /nissan/lafesta/remont-dvigatelya/zamena-topli...;Замена топливного фильтра
524;Nissan;Liberty; /nissan/liberty-2/remont-dvigatelya/zamena-top...;Замена топливного фильтра
525;Nissan;Lucino; /nissan/lucino/remont-dvigatelya/zamena-topliv...;Замена топливного фильтра
526;Nissan;March; /nissan/march/remont-dvigatelya/zamena-toplivn...;Замена топливного фильтра
527;Nissan;Maxima; /nissan/maxima/remont-dvigatelya/zamena-topliv...;Замена топливного фильтра
528;Nissan;Micra; /nissan/micra/remont-dvigatelya/zamena-toplivn...;Замена топливного фильтра
529;Nissan;Moco; /nissan/moco/remont-dvigatelya/zamena-toplivno...;Замена топливного фильтра
530;Nissan;Murano; /nissan/murano/remont-dvigatelya/zamena-topliv...;Замена топливного фильтра
531;Nissan;Navara; /nissan/navara/remont-dvigatelya/zamena-topliv...;Замена топливного фильтра
532;Nissan;Note; /nissan/note/remont-dvigatelya/zamena-toplivno...;Замена топливного фильтра
533;Nissan;NP300; /nissan/np300/remont-dvigatelya/zamena-toplivn...;Замена топливного фильтра
534;Nissan;NV200; /nissan/nv200/remont-dvigatelya/zamena-toplivn...;Замена топливного фильтра
535;Nissan;Otti; /nissan/otti/remont-dvigatelya/zamena-toplivno...;Замена топливного фильтра
536;Nissan;Pathfinder; /nissan/pathfinder/remont-dvigatelya/zamena-to...;Замена топливного фильтра
537;Nissan;Patrol; /nissan/patrol/remont-dvigatelya/zamena-topliv...;Замена топливного фильтра
538;Nissan;Pino; /nissan/pino/remont-dvigatelya/zamena-toplivno...;Замена топливного фильтра
539;Nissan;Pixo; /nissan/pixo/remont-dvigatelya/zamena-toplivno...;Замена топливного фильтра
540;Nissan;President; /nissan/president/remont-dvigatelya/zamena-top...;Замена топливного фильтра
541;Nissan;Primera; /nissan/primera/remont-dvigatelya/zamena-topli...;Замена топливного фильтра
542;Nissan;Pulsar; /nissan/pulsar/remont-dvigatelya/zamena-topliv...;Замена топливного фильтра
543;Nissan;Qashqai; /nissan/qashqai/remont-dvigatelya/zamena-topli...;Замена топливного фильтра
544;Nissan;Quest; /nissan/quest/remont-dvigatelya/zamena-toplivn...;Замена топливного фильтра
545;Nissan;Rogue; /nissan/rogue/remont-dvigatelya/zamena-toplivn...;Замена топливного фильтра
546;Nissan;Roox; /nissan/roox/remont-dvigatelya/zamena-toplivno...;Замена топливного фильтра
547;Nissan;Safari; /nissan/safari/remont-dvigatelya/zamena-topliv...;Замена топливного фильтра
548;Nissan;Sentra; /nissan/sentra/remont-dvigatelya/zamena-topliv...;Замена топливного фильтра
549;Nissan;Serena; /nissan/serena/remont-dvigatelya/zamena-topliv...;Замена топливного фильтра
550;Nissan;Skyline Crossover; /nissan/skyline-crossover/remont-dvigatelya/za...;Замена топливного фильтра
551;Nissan;Skyline; /nissan/skyline/remont-dvigatelya/zamena-topli...;Замена топливного фильтра
552;Nissan;Stagea; /nissan/stagea/remont-dvigatelya/zamena-topliv...;Замена топливного фильтра
553;Nissan;Sunny; /nissan/sunny/remont-dvigatelya/zamena-toplivn...;Замена топливного фильтра
554;Nissan;Teana; /nissan/teana/remont-dvigatelya/zamena-toplivn...;Замена топливного фильтра
555;Nissan;Terrano;" /nissan/terrano/remont-dvigatelya/zamena-topli...
 /nissan/terano/remont-dvigatelya/zamena-topliv...";Замена топливного фильтра
556;Nissan;Tiida; /nissan/tiida/remont-dvigatelya/zamena-toplivn...;Замена топливного фильтра
557;Nissan;Tino; /nissan/tino/remont-dvigatelya/zamena-toplivno...;Замена топливного фильтра
558;Nissan;Titan; /nissan/titan-2/remont-dvigatelya/zamena-topli...;Замена топливного фильтра
559;Nissan;Versa; /nissan/versa/remont-dvigatelya/zamena-toplivn...;Замена топливного фильтра
560;Nissan;Wingroad; /nissan/wingroad/remont-dvigatelya/zamena-topl...;Замена топливного фильтра
561;Nissan;Xterra;" /nissan/xterra/remont-dvigatelya/zamena-topliv...
 /nissan/xtera/remont-dvigatelya/zamena-toplivn...";Замена топливного фильтра
562;Nissan;X-Trail; /nissan/x-trail/remont-dvigatelya/zamena-topli...;Замена топливного фильтра
563;Nissan;Primastar; /nissan/primastar/remont-dvigatelya/zamena-top...;Замена топливного фильтра
564;Nissan;Caravan; /nissan/caravan-2/remont-dvigatelya/zamena-top...;Замена топливного фильтра
565;Nissan;NV; /nissan/nv/remont-dvigatelya/zamena-toplivnogo...;Замена топливного фильтра
566;Nissan;Urvan; /nissan/urvan/remont-dvigatelya/zamena-toplivn...;Замена топливного фильтра
567;Nissan;Qashqai+2; /nissan/qashqai2/remont-dvigatelya/zamena-topl...;Замена топливного фильтра
568;Nissan;Aprio; /nissan/aprio/remont-dvigatelya/zamena-toplivn...;Замена топливного фильтра
569;Nissan;Cabstar; /nissan/cabstar/remont-dvigatelya/zamena-topli...;Замена топливного фильтра
570;Nissan;Dualis+2; /nissan/dualis2/remont-dvigatelya/zamena-topli...;Замена топливного фильтра
571;Nissan;Frontier; /nissan/frontier/remont-dvigatelya/zamena-topl...;Замена топливного фильтра
572;Nissan;Interstar; /nissan/interstar/remont-dvigatelya/zamena-top...;Замена топливного фильтра
573;Nissan;Kix; /nissan/kix/remont-dvigatelya/zamena-toplivnog...;Замена топливного фильтра
574;Nissan;Kubistar; /nissan/kubistar/remont-dvigatelya/zamena-topl...;Замена топливного фильтра
575;Nissan;Latio; /nissan/latio/remont-dvigatelya/zamena-toplivn...;Замена топливного фильтра
576;Nissan;Livina; /nissan/livina/remont-dvigatelya/zamena-topliv...;Замена топливного фильтра
577;Nissan;NP 200; /nissan/np200/remont-dvigatelya/zamena-toplivn...;Замена топливного фильтра
578;Nissan;NV350; /nissan/nv350/remont-dvigatelya/zamena-toplivn...;Замена топливного фильтра
579;Nissan;NV400; /nissan/nv400/remont-dvigatelya/zamena-toplivn...;Замена топливного фильтра
580;Nissan;Paladin; /nissan/paladin/remont-dvigatelya/zamena-topli...;Замена топливного фильтра
581;Nissan;Pick UP; /nissan/pick-up/remont-dvigatelya/zamena-topli...;Замена топливного фильтра
582;Nissan;Platina; /nissan/platina/remont-dvigatelya/zamena-topli...;Замена топливного фильтра
583;Opel;; /opel/slesarnyy-remont/remont-dvigatelya/zamen...;Замена топливного фильтра
584;Opel;Adam; /opel/adam/remont-dvigatelya/zamena-toplivnogo...;Замена топливного фильтра
585;Opel;Agila; /opel/agila/remont-dvigatelya/zamena-toplivnog...;Замена топливного фильтра
586;Opel;Ampera; /opel/ampera/remont-dvigatelya/zamena-toplivno...;Замена топливного фильтра
587;Opel;Antara; /opel/antara/remont-dvigatelya/zamena-toplivno...;Замена топливного фильтра
588;Opel;Astra; /opel/astra-2/remont-dvigatelya/zamena-toplivn...;Замена топливного фильтра
589;Opel;Cascada; /opel/cascada/remont-dvigatelya/zamena-toplivn...;Замена топливного фильтра
590;Opel;Combo; /opel/combo-2/remont-dvigatelya/zamena-toplivn...;Замена топливного фильтра
591;Opel;Corsa; /opel/corsa-2/remont-dvigatelya/zamena-toplivn...;Замена топливного фильтра
592;Opel;GT; /opel/gt-3/remont-dvigatelya/zamena-toplivnogo...;Замена топливного фильтра
593;Opel;Insignia; /opel/insignia/remont-dvigatelya/zamena-topliv...;Замена топливного фильтра
594;Opel;Meriva; /opel/meriva-2/remont-dvigatelya/zamena-topliv...;Замена топливного фильтра
595;Opel;Mokka; /opel/mokka/remont-dvigatelya/zamena-toplivnog...;Замена топливного фильтра
596;Opel;Signum; /opel/signum/remont-dvigatelya/zamena-toplivno...;Замена топливного фильтра
597;Opel;Tigra; /opel/tigra/remont-dvigatelya/zamena-toplivnog...;Замена топливного фильтра
598;Opel;Vectra; /opel/vectra-2/remont-dvigatelya/zamena-topliv...;Замена топливного фильтра
599;Opel;Zafira; /opel/zafira-2/remont-dvigatelya/zamena-topliv...;Замена топливного фильтра
600;Opel;Vivaro; /opel/vivaro/remont-dvigatelya/zamena-toplivno...;Замена топливного фильтра
601;Opel;Cabrio; /opel/cabrio/remont-dvigatelya/zamena-toplivno...;Замена топливного фильтра
602;Opel;Movano; /opel/movano/remont-dvigatelya/zamena-toplivno...;Замена топливного фильтра
603;Peugeot;; /peugeot/remont-dvigatelya/zamena-toplivnogo-f...;Замена топливного фильтра
604;Peugeot;1007; /peugeot/1007/slesarnyy-remont/remont-dvigatel...;Замена топливного фильтра
605;Peugeot;107; /peugeot/107/slesarnyy-remont/remont-dvigately...;Замена топливного фильтра
606;Peugeot;2008; /peugeot/2008/slesarnyy-remont/remont-dvigatel...;Замена топливного фильтра
607;Peugeot;205; /peugeot/205/slesarnyy-remont/remont-dvigately...;Замена топливного фильтра
608;Peugeot;206; /peugeot/206/slesarnyy-remont/remont-dvigately...;Замена топливного фильтра
609;Peugeot;207; /peugeot/207/slesarnyy-remont/remont-dvigately...;Замена топливного фильтра
610;Peugeot;208; /peugeot/208/slesarnyy-remont/remont-dvigately...;Замена топливного фильтра
611;Peugeot;3008; /peugeot/3008/slesarnyy-remont/remont-dvigatel...;Замена топливного фильтра
612;Peugeot;301; /peugeot/301/slesarnyy-remont/remont-dvigately...;Замена топливного фильтра
613;Peugeot;306; /peugeot/306/slesarnyy-remont/remont-dvigately...;Замена топливного фильтра
614;Peugeot;307; /peugeot/307/slesarnyy-remont/remont-dvigately...;Замена топливного фильтра
615;Peugeot;308; /peugeot/308/remont-dvigatelya/zamena-toplivno...;Замена топливного фильтра
616;Peugeot;4007; /peugeot/4007/slesarnyy-remont/remont-dvigatel...;Замена топливного фильтра
617;Peugeot;4008; /peugeot/4008/slesarnyy-remont/remont-dvigatel...;Замена топливного фильтра
618;Peugeot;407; /peugeot/407/slesarnyy-remont/remont-dvigately...;Замена топливного фильтра
619;Peugeot;408; /peugeot/408/slesarnyy-remont/remont-dvigately...;Замена топливного фильтра
620;Peugeot;508; /peugeot/508/slesarnyy-remont/remont-dvigately...;Замена топливного фильтра
621;Peugeot;607; /peugeot/607/slesarnyy-remont/remont-dvigately...;Замена топливного фильтра
622;Peugeot;807; /peugeot/807/slesarnyy-remont/remont-dvigately...;Замена топливного фильтра
623;Peugeot;Partner; /peugeot/partner-2/slesarnyy-remont/remont-dvi...;Замена топливного фильтра
624;Peugeot;RCZ; /peugeot/rcz/slesarnyy-remont/remont-dvigately...;Замена топливного фильтра
625;Peugeot;Expert; /peugeot/expert/remont-dvigatelya/zamena-topli...;Замена топливного фильтра
626;Peugeot;Boxer; /peugeot/boxer/remont-dvigatelya/zamena-topliv...;Замена топливного фильтра
627;Porsche;; /porsche/slesarnyy-remont/remont-dvigatelya/za...;Замена топливного фильтра
628;Porsche;911; /porsche/911/slesarnyy-remont/remont-dvigately...;Замена топливного фильтра
629;Porsche;918; /porsche/918/slesarnyy-remont/remont-dvigately...;Замена топливного фильтра
630;Porsche;Boxster; /porsche/boxster/slesarnyy-remont/remont-dviga...;Замена топливного фильтра
631;Porsche;Carrera GT;" /porsche/carrera-gt/slesarnyy-remont/remont-dv...
 /porsche/carera-gt/slesarnyy-remont/remont-dvi...";Замена топливного фильтра
632;Porsche;Cayenne; /porsche/cayenne/slesarnyy-remont/remont-dviga...;Замена топливного фильтра
633;Porsche;Cayman; /porsche/cayman/slesarnyy-remont/remont-dvigat...;Замена топливного фильтра
634;Porsche;Macan; /porsche/macan/slesarnyy-remont/remont-dvigate...;Замена топливного фильтра
635;Porsche;Panamera; /porsche/panamera/slesarnyy-remont/remont-dvig...;Замена топливного фильтра
636;Renault;; /renault/slesarnyy-remont/remont-dvigatelya/za...;Замена топливного фильтра
637;Renault;Captur; /renault/captur/remont-dvigatelya/zamena-topli...;Замена топливного фильтра
638;Renault;Clio; /renault/clio/remont-dvigatelya/zamena-toplivn...;Замена топливного фильтра
639;Renault;Duster; /renault/duster/remont-dvigatelya/zamena-topli...;Замена топливного фильтра
640;Renault;Espace; /renault/espace/remont-dvigatelya/zamena-topli...;Замена топливного фильтра
641;Renault;Fluence; /renault/fluence/remont-dvigatelya/zamena-topl...;Замена топливного фильтра
642;Renault;Kangoo; /renault/kangoo/remont-dvigatelya/zamena-topli...;Замена топливного фильтра
643;Renault;Koleos; /renault/koleos/remont-dvigatelya/zamena-topli...;Замена топливного фильтра
644;Renault;Laguna; /renault/laguna/remont-dvigatelya/zamena-topli...;Замена топливного фильтра
645;Renault;Latitude; /renault/latitude/remont-dvigatelya/zamena-top...;Замена топливного фильтра
646;Renault;Logan; /renault/logan/remont-dvigatelya/zamena-topliv...;Замена топливного фильтра
647;Renault;Megane; /renault/megane/remont-dvigatelya/zamena-topli...;Замена топливного фильтра
648;Renault;Modus; /renault/modus/remont-dvigatelya/zamena-topliv...;Замена топливного фильтра
649;Renault;Safrane; /renault/safrane/remont-dvigatelya/zamena-topl...;Замена топливного фильтра
650;Renault;Sandero; /renault/sandero/remont-dvigatelya/zamena-topl...;Замена топливного фильтра
651;Renault;Scenic; /renault/scenic/remont-dvigatelya/zamena-topli...;Замена топливного фильтра
652;Renault;Symbol; /renault/symbol/remont-dvigatelya/zamena-topli...;Замена топливного фильтра
653;Renault;Twingo; /renault/twingo/remont-dvigatelya/zamena-topli...;Замена топливного фильтра
654;Renault;Vel Satis; /renault/vel-satis/remont-dvigatelya/zamena-to...;Замена топливного фильтра
655;Renault;Wind; /renault/wind/remont-dvigatelya/zamena-toplivn...;Замена топливного фильтра
656;Renault;Zoe; /renault/zoe/remont-dvigatelya/zamena-toplivno...;Замена топливного фильтра
657;Renault;Trafic; /renault/trafic/remont-dvigatelya/zamena-topli...;Замена топливного фильтра
658;Renault;Talisman; /renault/talisman/remont-dvigatelya/zamena-top...;Замена топливного фильтра
659;Renault;Kaptur; /renault/kaptur/remont-dvigatelya/zamena-topli...;Замена топливного фильтра
660;Renault;Lutecia; /renault/lutecia/remont-dvigatelya/zamena-topl...;Замена топливного фильтра
661;Renault;Master; /renault/master/remont-dvigatelya/zamena-topli...;Замена топливного фильтра
662;Renault;Maxity; /renault/maxity/remont-dvigatelya/zamena-topli...;Замена топливного фильтра
663;Renault;Pulse; /renault/pulse/remont-dvigatelya/zamena-topliv...;Замена топливного фильтра
664;Renault;Scala; /renault/scala/remont-dvigatelya/zamena-topliv...;Замена топливного фильтра
665;Renault;Thalia; /renault/thalia/remont-dvigatelya/zamena-topli...;Замена топливного фильтра
666;Skoda;; /skoda/slesarnyy-remont/remont-dvigatelya/zame...;Замена топливного фильтра
667;Skoda;Citigo; /skoda/citigo/remont-dvigatelya/zamena-toplivn...;Замена топливного фильтра
668;Skoda;Fabia; /skoda/fabia/remont-dvigatelya/zamena-toplivno...;Замена топливного фильтра
669;Skoda;Octavia; /skoda/octavia/remont-dvigatelya/zamena-topliv...;Замена топливного фильтра
670;Skoda;Rapid; /skoda/rapid/remont-dvigatelya/zamena-toplivno...;Замена топливного фильтра
671;Skoda;Roomster; /skoda/roomster/remont-dvigatelya/zamena-topli...;Замена топливного фильтра
672;Skoda;Superb; /skoda/superb/remont-dvigatelya/zamena-toplivn...;Замена топливного фильтра
673;Skoda;Yeti; /skoda/yeti/remont-dvigatelya/zamena-toplivnog...;Замена топливного фильтра
674;Skoda;Praktik; /skoda/praktik/remont-dvigatelya/zamena-topliv...;Замена топливного фильтра
675;Subaru;;/subaru/remont-dvigatelya/zamena-toplivnogo-filtra;Замена топливного фильтра
676;Subaru;Baja; /subaru/baja/slesarnyy-remont/remont-dvigately...;Замена топливного фильтра
677;Subaru;BRZ; /subaru/brz/slesarnyy-remont/remont-dvigatelya...;Замена топливного фильтра
678;Subaru;Forester; /subaru/forester/slesarnyy-remont/remont-dviga...;Замена топливного фильтра
679;Subaru;Impreza; /subaru/impreza/slesarnyy-remont/remont-dvigat...;Замена топливного фильтра
680;Subaru;Justy; /subaru/justy/slesarnyy-remont/remont-dvigatel...;Замена топливного фильтра
681;Subaru;Legacy; /subaru/legacy/slesarnyy-remont/remont-dvigate...;Замена топливного фильтра
682;Subaru;Outback; /subaru/outback/slesarnyy-remont/remont-dvigat...;Замена топливного фильтра
683;Subaru;Pleo; /subaru/pleo/slesarnyy-remont/remont-dvigately...;Замена топливного фильтра
684;Subaru;R1; /subaru/r1/slesarnyy-remont/remont-dvigatelya/...;Замена топливного фильтра
685;Subaru;R2; /subaru/r2/slesarnyy-remont/remont-dvigatelya/...;Замена топливного фильтра
686;Subaru;Tribeca; /subaru/tribeca/slesarnyy-remont/remont-dvigat...;Замена топливного фильтра
687;Subaru;Vivio; /subaru/vivio/slesarnyy-remont/remont-dvigatel...;Замена топливного фильтра
688;Subaru;XV; /subaru/xv/slesarnyy-remont/remont-dvigatelya/...;Замена топливного фильтра
689;Subaru;WRX; /subaru/wrx/slesarnyy-remont/remont-dvigatelya...;Замена топливного фильтра
690;Suzuki;; /suzuki/slesarnyy-remont/remont-dvigatelya/zam...;Замена топливного фильтра
691;Suzuki;Aerio; /suzuki/aerio/remont-dvigatelya/zamena-toplivn...;Замена топливного фильтра
692;Suzuki;Alto; /suzuki/alto/remont-dvigatelya/zamena-toplivno...;Замена топливного фильтра
693;Suzuki;Cappuccino; /suzuki/cappuccino/remont-dvigatelya/zamena-to...;Замена топливного фильтра
694;Suzuki;Every; /suzuki/every/remont-dvigatelya/zamena-toplivn...;Замена топливного фильтра
695;Suzuki;Forenza; /suzuki/forenza/remont-dvigatelya/zamena-topli...;Замена топливного фильтра
696;Suzuki;Grand Vitara;" /suzuki/grand-vitara-2/remont-dvigatelya/zamen...
 /suzuki/grand-vitara/remont-dvigatelya/zamena-...";Замена топливного фильтра
697;Suzuki;Ignis; /suzuki/ignis/remont-dvigatelya/zamena-toplivn...;Замена топливного фильтра
698;Suzuki;Jimny; /suzuki/jimny-2/remont-dvigatelya/zamena-topli...;Замена топливного фильтра
699;Suzuki;Kei; /suzuki/kei/remont-dvigatelya/zamena-toplivnog...;Замена топливного фильтра
700;Suzuki;Kizashi; /suzuki/kizashi/remont-dvigatelya/zamena-topli...;Замена топливного фильтра
701;Suzuki;Liana; /suzuki/liana/remont-dvigatelya/zamena-toplivn...;Замена топливного фильтра
702;Suzuki;MR Wagon; /suzuki/mr-wagon/remont-dvigatelya/zamena-topl...;Замена топливного фильтра
703;Suzuki;Splash; /suzuki/splash/remont-dvigatelya/zamena-topliv...;Замена топливного фильтра
704;Suzuki;Swift; /suzuki/swift/remont-dvigatelya/zamena-toplivn...;Замена топливного фильтра
705;Suzuki;SX4; /suzuki/sx4/remont-dvigatelya/zamena-toplivnog...;Замена топливного фильтра
706;Suzuki;Wagon R; /suzuki/wagon-r/remont-dvigatelya/zamena-topli...;Замена топливного фильтра
707;Suzuki;XL7; /suzuki/xl7/remont-dvigatelya/zamena-toplivnog...;Замена топливного фильтра
708;Suzuki;Vitara; /suzuki/vitara-2/remont-dvigatelya/zamena-topl...;Замена топливного фильтра
709;Toyota;; /toyota/slesarnyy-remont/remont-dvigatelya/zam...;Замена топливного фильтра
710;Toyota;4Runner; /toyota/4runner/remont-dvigatelya/zamena-topli...;Замена топливного фильтра
711;Toyota;Allex; /toyota/allex/remont-dvigatelya/zamena-toplivn...;Замена топливного фильтра
712;Toyota;Allion; /toyota/allion/remont-dvigatelya/zamena-topliv...;Замена топливного фильтра
713;Toyota;Alphard; /toyota/alphard/remont-dvigatelya/zamena-topli...;Замена топливного фильтра
714;Toyota;Aurion; /toyota/aurion/remont-dvigatelya/zamena-topliv...;Замена топливного фильтра
715;Toyota;Auris; /toyota/auris/remont-dvigatelya/zamena-toplivn...;Замена топливного фильтра
716;Toyota;Avalon; /toyota/avalon/remont-dvigatelya/zamena-topliv...;Замена топливного фильтра
717;Toyota;Avensis; /toyota/avensis/remont-dvigatelya/zamena-topli...;Замена топливного фильтра
718;Toyota;Aygo; /toyota/aygo/remont-dvigatelya/zamena-toplivno...;Замена топливного фильтра
719;Toyota;bB; /toyota/bb/remont-dvigatelya/zamena-toplivnogo...;Замена топливного фильтра
720;Toyota;Belta; /toyota/belta/remont-dvigatelya/zamena-toplivn...;Замена топливного фильтра
721;Toyota;Blade; /toyota/blade/remont-dvigatelya/zamena-toplivn...;Замена топливного фильтра
722;Toyota;Brevis; /toyota/brevis/remont-dvigatelya/zamena-topliv...;Замена топливного фильтра
723;Toyota;Caldina; /toyota/caldina/remont-dvigatelya/zamena-topli...;Замена топливного фильтра
724;Toyota;Camry; /toyota/camry/remont-dvigatelya/zamena-toplivn...;Замена топливного фильтра
725;Toyota;Celica; /toyota/celica/remont-dvigatelya/zamena-topliv...;Замена топливного фильтра
726;Toyota;Celsior; /toyota/celsior/remont-dvigatelya/zamena-topli...;Замена топливного фильтра
727;Toyota;Century; /toyota/century/remont-dvigatelya/zamena-topli...;Замена топливного фильтра
728;Toyota;Corolla; /toyota/corolla/remont-dvigatelya/zamena-topli...;Замена топливного фильтра
729;Toyota;Corolla Rumion; /toyota/corolla-rumion/remont-dvigatelya/zamen...;Замена топливного фильтра
730;Toyota;Crown Majesta; /toyota/crown-majesta/remont-dvigatelya/zamena...;Замена топливного фильтра
731;Toyota;Crown; /toyota/crown/remont-dvigatelya/zamena-toplivn...;Замена топливного фильтра
732;Toyota;Estima; /toyota/estima/remont-dvigatelya/zamena-topliv...;Замена топливного фильтра
733;Toyota;FJ Cruiser; /toyota/fj-cruiser/remont-dvigatelya/zamena-to...;Замена топливного фильтра
734;Toyota;Fortuner; /toyota/fortuner/remont-dvigatelya/zamena-topl...;Замена топливного фильтра
735;Toyota;Fun Cargo; /toyota/fun-cargo/remont-dvigatelya/zamena-top...;Замена топливного фильтра
736;Toyota;GT 86; /toyota/gt-86/remont-dvigatelya/zamena-toplivn...;Замена топливного фильтра
737;Toyota;Harrier;" /toyota/harrier/remont-dvigatelya/zamena-topli...
 /toyota/harier/remont-dvigatelya/zamena-topliv...";Замена топливного фильтра
738;Toyota;Hiace; /toyota/hiace/remont-dvigatelya/zamena-toplivn...;Замена топливного фильтра
739;Toyota;Highlander; /toyota/highlander/remont-dvigatelya/zamena-to...;Замена топливного фильтра
740;Toyota;Hilux Surf; /toyota/hilux-surf/remont-dvigatelya/zamena-to...;Замена топливного фильтра
741;Toyota;Hilux; /toyota/hilux/remont-dvigatelya/zamena-toplivn...;Замена топливного фильтра
742;Toyota;Innova; /toyota/innova/remont-dvigatelya/zamena-topliv...;Замена топливного фильтра
743;Toyota;Ipsum; /toyota/ipsum/remont-dvigatelya/zamena-toplivn...;Замена топливного фильтра
744;Toyota;iQ; /toyota/iq/remont-dvigatelya/zamena-toplivnogo...;Замена топливного фильтра
745;Toyota;Isis; /toyota/isis/remont-dvigatelya/zamena-toplivno...;Замена топливного фильтра
746;Toyota;Ist; /toyota/ist/remont-dvigatelya/zamena-toplivnog...;Замена топливного фильтра
747;Toyota;Kluger; /toyota/kluger/remont-dvigatelya/zamena-topliv...;Замена топливного фильтра
748;Toyota;Land Cruiser; /toyota/land-cruiser/remont-dvigatelya/zamena-...;Замена топливного фильтра
749;Toyota;Land Cruiser Prado; /toyota/land-cruiser-prado/remont-dvigatelya/z...;Замена топливного фильтра
750;Toyota;Lite Ace; /toyota/lite-ace/remont-dvigatelya/zamena-topl...;Замена топливного фильтра
751;Toyota;Mark II; /toyota/mark-ii/remont-dvigatelya/zamena-topli...;Замена топливного фильтра
752;Toyota;Mark X; /toyota/mark-x/remont-dvigatelya/zamena-topliv...;Замена топливного фильтра
753;Toyota;Mark X Zio; /toyota/mark-x-zio/remont-dvigatelya/zamena-to...;Замена топливного фильтра
754;Toyota;Matrix; /toyota/matrix-2/remont-dvigatelya/zamena-topl...;Замена топливного фильтра
755;Toyota;MR2; /toyota/mr2/remont-dvigatelya/zamena-toplivnog...;Замена топливного фильтра
756;Toyota;Noah; /toyota/noah/remont-dvigatelya/zamena-toplivno...;Замена топливного фильтра
757;Toyota;Passo; /toyota/passo/remont-dvigatelya/zamena-toplivn...;Замена топливного фильтра
758;Toyota;Passo Sette; /toyota/passo-sette/remont-dvigatelya/zamena-t...;Замена топливного фильтра
759;Toyota;Porte; /toyota/porte/remont-dvigatelya/zamena-toplivn...;Замена топливного фильтра
760;Toyota;Premio; /toyota/premio/remont-dvigatelya/zamena-topliv...;Замена топливного фильтра
761;Toyota;Previa; /toyota/previa/remont-dvigatelya/zamena-topliv...;Замена топливного фильтра
762;Toyota;Prius C; /toyota/prius-c/remont-dvigatelya/zamena-topli...;Замена топливного фильтра
763;Toyota;Prius; /toyota/prius/remont-dvigatelya/zamena-toplivn...;Замена топливного фильтра
764;Toyota;Prius V; /toyota/prius-v/remont-dvigatelya/zamena-topli...;Замена топливного фильтра
765;Toyota;Probox; /toyota/probox/remont-dvigatelya/zamena-topliv...;Замена топливного фильтра
766;Toyota;Progres; /toyota/progres/remont-dvigatelya/zamena-topli...;Замена топливного фильтра
767;Toyota;Ractis; /toyota/ractis/remont-dvigatelya/zamena-topliv...;Замена топливного фильтра
768;Toyota;Raum; /toyota/raum/remont-dvigatelya/zamena-toplivno...;Замена топливного фильтра
769;Toyota;RAV4; /toyota/rav4/remont-dvigatelya/zamena-toplivno...;Замена топливного фильтра
770;Toyota;Rush; /toyota/rush/remont-dvigatelya/zamena-toplivno...;Замена топливного фильтра
771;Toyota;Sequoia; /toyota/sequoia/remont-dvigatelya/zamena-topli...;Замена топливного фильтра
772;Toyota;Sienna; /toyota/sienna/remont-dvigatelya/zamena-topliv...;Замена топливного фильтра
773;Toyota;Sienta; /toyota/sienta/remont-dvigatelya/zamena-topliv...;Замена топливного фильтра
774;Toyota;Succeed; /toyota/succeed/remont-dvigatelya/zamena-topli...;Замена топливного фильтра
775;Toyota;Tacoma; /toyota/tacoma/remont-dvigatelya/zamena-topliv...;Замена топливного фильтра
776;Toyota;Town Ace; /toyota/town-ace/remont-dvigatelya/zamena-topl...;Замена топливного фильтра
777;Toyota;Tundra; /toyota/tundra/remont-dvigatelya/zamena-topliv...;Замена топливного фильтра
778;Toyota;Urban Cruiser; /toyota/urban-cruiser/remont-dvigatelya/zamena...;Замена топливного фильтра
779;Toyota;Vanguard; /toyota/vanguard/remont-dvigatelya/zamena-topl...;Замена топливного фильтра
780;Toyota;Venza; /toyota/venza/remont-dvigatelya/zamena-toplivn...;Замена топливного фильтра
781;Toyota;Verso; /toyota/verso/remont-dvigatelya/zamena-toplivn...;Замена топливного фильтра
782;Toyota;Verso-S; /toyota/verso-s/remont-dvigatelya/zamena-topli...;Замена топливного фильтра
783;Toyota;Vios; /toyota/vios/remont-dvigatelya/zamena-toplivno...;Замена топливного фильтра
784;Toyota;Vitz; /toyota/vitz/remont-dvigatelya/zamena-toplivno...;Замена топливного фильтра
785;Toyota;Voxy; /toyota/voxy/remont-dvigatelya/zamena-toplivno...;Замена топливного фильтра
786;Toyota;Wish; /toyota/wish/remont-dvigatelya/zamena-toplivno...;Замена топливного фильтра
787;Toyota;Yaris; /toyota/yaris/remont-dvigatelya/zamena-toplivn...;Замена топливного фильтра
788;Toyota;Yaris Verso; /toyota/yaris-verso/remont-dvigatelya/zamena-t...;Замена топливного фильтра
789;Toyota;Camry Solara; /toyota/camry-solara/remont-dvigatelya/zamena-...;Замена топливного фильтра
790;Toyota;Corolla Spacio; /toyota/corolla-spacio/remont-dvigatelya/zamen...;Замена топливного фильтра
791;Toyota;Corolla Verso; /toyota/corolla-verso/remont-dvigatelya/zamena...;Замена топливного фильтра
792;Toyota;86; /toyota/86/remont-dvigatelya/zamena-toplivnogo...;Замена топливного фильтра
793;Toyota;Avanza; /toyota/avanza/remont-dvigatelya/zamena-topliv...;Замена топливного фильтра
794;Toyota;Comfort; /toyota/comfort/remont-dvigatelya/zamena-topli...;Замена топливного фильтра
795;Toyota;Corolla Axio; /toyota/corolla-axio/remont-dvigatelya/zamena-...;Замена топливного фильтра
796;Toyota;MR-S; /toyota/mr-s/remont-dvigatelya/zamena-toplivno...;Замена топливного фильтра
797;Toyota;Prius a; /toyota/prius-a/remont-dvigatelya/zamena-topli...;Замена топливного фильтра
798;Toyota;Prius Plus; /toyota/prius-plus/remont-dvigatelya/zamena-to...;Замена топливного фильтра
799;Toyota;Rukus; /toyota/rukus/remont-dvigatelya/zamena-toplivn...;Замена топливного фильтра
800;Toyota;Zelas; /toyota/zelas/remont-dvigatelya/zamena-toplivn...;Замена топливного фильтра
801;Volkswagen;; /volkswagen/slesarnyy-remont/remont-dvigatelya...;Замена топливного фильтра
802;Volkswagen;Beetle; /volkswagen/beetle/remont-dvigatelya/zamena-to...;Замена топливного фильтра
803;Volkswagen;Caddy; /volkswagen/caddy/remont-dvigatelya/zamena-top...;Замена топливного фильтра
804;Volkswagen;Eos; /volkswagen/eos/remont-dvigatelya/zamena-topli...;Замена топливного фильтра
805;Volkswagen;Fox; /volkswagen/fox/remont-dvigatelya/zamena-topli...;Замена топливного фильтра
806;Volkswagen;Golf; /volkswagen/golf/remont-dvigatelya/zamena-topl...;Замена топливного фильтра
807;Volkswagen;Gol; /volkswagen/gol/remont-dvigatelya/zamena-topli...;Замена топливного фильтра
808;Volkswagen;Jetta; /volkswagen/jetta/remont-dvigatelya/zamena-top...;Замена топливного фильтра
809;Volkswagen;Multivan; /volkswagen/multivan/remont-dvigatelya/zamena-...;Замена топливного фильтра
810;Volkswagen;Passat; /volkswagen/passat/remont-dvigatelya/zamena-to...;Замена топливного фильтра
811;Volkswagen;Passat CC; /volkswagen/passat-cc/remont-dvigatelya/zamena...;Замена топливного фильтра
812;Volkswagen;Phaeton; /volkswagen/phaeton/remont-dvigatelya/zamena-t...;Замена топливного фильтра
813;Volkswagen;Pointer; /volkswagen/pointer/remont-dvigatelya/zamena-t...;Замена топливного фильтра
814;Volkswagen;Polo; /volkswagen/polo/remont-dvigatelya/zamena-topl...;Замена топливного фильтра
815;Volkswagen;Routan; /volkswagen/routan/remont-dvigatelya/zamena-to...;Замена топливного фильтра
816;Volkswagen;Scirocco; /volkswagen/scirocco/remont-dvigatelya/zamena-...;Замена топливного фильтра
817;Volkswagen;Sharan; /volkswagen/sharan/remont-dvigatelya/zamena-to...;Замена топливного фильтра
818;Volkswagen;Tiguan; /volkswagen/tiguan/slesarnyy-remont/remont-dvi...;Замена топливного фильтра
819;Volkswagen;Touareg; /volkswagen/touareg/slesarnyy-remont/remont-dv...;Замена топливного фильтра
820;Volkswagen;Touran; /volkswagen/touran/remont-dvigatelya/zamena-to...;Замена топливного фильтра
821;Volkswagen;Amarok; /volkswagen/amarok/remont-dvigatelya/zamena-to...;Замена топливного фильтра
822;Volkswagen;California; /volkswagen/california/remont-dvigatelya/zamen...;Замена топливного фильтра
823;Volkswagen;Caravelle; /volkswagen/caravelle/remont-dvigatelya/zamena...;Замена топливного фильтра
824;Volkswagen;Transporter; /volkswagen/transporter/remont-dvigatelya/zame...;Замена топливного фильтра
825;Volkswagen;Up; /volkswagen/up/remont-dvigatelya/zamena-topliv...;Замена топливного фильтра
826;Volkswagen;Citi Golf; /volkswagen/citi-golf/remont-dvigatelya/zamena...;Замена топливного фильтра
827;Volkswagen;Clasico; /volkswagen/clasico/remont-dvigatelya/zamena-t...;Замена топливного фильтра
828;Volkswagen;Crafter; /volkswagen/crafter/remont-dvigatelya/zamena-t...;Замена топливного фильтра
829;Volkswagen;Lavida; /volkswagen/lavida/remont-dvigatelya/zamena-to...;Замена топливного фильтра
830;Volkswagen;Magotan; /volkswagen/magotan/remont-dvigatelya/zamena-t...;Замена топливного фильтра
831;Volkswagen;New Beetle; /volkswagen/new-beetle/remont-dvigatelya/zamen...;Замена топливного фильтра
832;Volkswagen;Parati; /volkswagen/parati/remont-dvigatelya/zamena-to...;Замена топливного фильтра
833;Volkswagen;Rabbit; /volkswagen/rabbit/remont-dvigatelya/zamena-to...;Замена топливного фильтра
834;Volkswagen;Sagitar; /volkswagen/sagitar/remont-dvigatelya/zamena-t...;Замена топливного фильтра
835;Volkswagen;Saveiro; /volkswagen/saveiro/remont-dvigatelya/zamena-t...;Замена топливного фильтра
836;Volkswagen;Suran; /volkswagen/suran/remont-dvigatelya/zamena-top...;Замена топливного фильтра
837;Volkswagen;Voyage; /volkswagen/voyage/remont-dvigatelya/zamena-to...;Замена топливного фильтра
838;Volvo;; /volvo/slesarnyy-remont/remont-dvigatelya/zame...;Замена топливного фильтра
839;Volvo;C30; /volvo/c30/remont-dvigatelya/zamena-toplivnogo...;Замена топливного фильтра
840;Volvo;C70; /volvo/c70/remont-dvigatelya/zamena-toplivnogo...;Замена топливного фильтра
841;Volvo;S40; /volvo/s40/remont-dvigatelya/zamena-toplivnogo...;Замена топливного фильтра
842;Volvo;S60; /volvo/s60/remont-dvigatelya/zamena-toplivnogo...;Замена топливного фильтра
843;Volvo;S80; /volvo/s80/remont-dvigatelya/zamena-toplivnogo...;Замена топливного фильтра
844;Volvo;S90; /volvo/s90/remont-dvigatelya/zamena-toplivnogo...;Замена топливного фильтра
845;Volvo;V40; /volvo/v40/remont-dvigatelya/zamena-toplivnogo...;Замена топливного фильтра
846;Volvo;V50; /volvo/v50/remont-dvigatelya/zamena-toplivnogo...;Замена топливного фильтра
847;Volvo;V60; /volvo/v60/remont-dvigatelya/zamena-toplivnogo...;Замена топливного фильтра
848;Volvo;V70; /volvo/v70/remont-dvigatelya/zamena-toplivnogo...;Замена топливного фильтра
849;Volvo;XC60; /volvo/xc60/remont-dvigatelya/zamena-toplivnog...;Замена топливного фильтра
850;Volvo;XC70; /volvo/xc70/remont-dvigatelya/zamena-toplivnog...;Замена топливного фильтра
851;Volvo;XC90; /volvo/xc90/remont-dvigatelya/zamena-toplivnog...;Замена топливного фильтра
