Марка;Модель;URL
Acura;;https://ddcar.ru/acura
Acura;CSX;https://ddcar.ru/acura/csx
Acura;MDX;https://ddcar.ru/acura/mdx
Acura;RDX;https://ddcar.ru/acura/rdx
Acura;RL;https://ddcar.ru/acura/rl
Acura;RSX;https://ddcar.ru/acura/rsx
Acura;TL;https://ddcar.ru/acura/tl
Acura;TSX;https://ddcar.ru/acura/tsx
Acura;ZDX;https://ddcar.ru/acura/zdx
Acura;TLX;https://ddcar.ru/acura/tlx
Audi;;https://ddcar.ru/audi
Audi;A1;https://ddcar.ru/audi/a1
Audi;A3;https://ddcar.ru/audi/a3
Audi;A4;https://ddcar.ru/audi/a4
Audi;A5;https://ddcar.ru/audi/a5
Audi;A6;https://ddcar.ru/audi/a6
Audi;A7;https://ddcar.ru/audi/a7
Audi;A8;https://ddcar.ru/audi/a8
Audi;Q3;https://ddcar.ru/audi/q3
Audi;Q5;https://ddcar.ru/audi/q5
Audi;Q7;https://ddcar.ru/audi/q7
Audi;R8;https://ddcar.ru/audi/r8
Audi;RS Q3;https://ddcar.ru/audi/rs-q3
Audi;RS 3;https://ddcar.ru/audi/rs-3
Audi;RS 4;https://ddcar.ru/audi/rs-4
Audi;RS 5;https://ddcar.ru/audi/rs-5
Audi;RS 6;https://ddcar.ru/audi/rs-6
Audi;RS 7;https://ddcar.ru/audi/rs-7
Audi;S3;https://ddcar.ru/audi/s3
Audi;S4;https://ddcar.ru/audi/s4
Audi;S5;https://ddcar.ru/audi/s5
Audi;S6;https://ddcar.ru/audi/s6
Audi;S7;https://ddcar.ru/audi/s7
Audi;S8;https://ddcar.ru/audi/s8
Audi;SQ5;https://ddcar.ru/audi/sq5
Audi;TT;https://ddcar.ru/audi/tt
BMW;;https://ddcar.ru/bmw
BMW;i3;https://ddcar.ru/bmw/i3
BMW;i8;https://ddcar.ru/bmw/i8
BMW;X1;https://ddcar.ru/bmw/x1
BMW;X3;https://ddcar.ru/bmw/x3
BMW;X4;https://ddcar.ru/bmw/x4
BMW;X5;https://ddcar.ru/bmw/x5
BMW;X6;https://ddcar.ru/bmw/x6
BMW;Z4;https://ddcar.ru/bmw/z4
BMW;1M;https://ddcar.ru/bmw/1m
BMW;M3;https://ddcar.ru/bmw/m3
BMW;M4;https://ddcar.ru/bmw/m4
BMW;M5;https://ddcar.ru/bmw/m5
BMW;M6;https://ddcar.ru/bmw/m6
BMW;X5 M;https://ddcar.ru/bmw/x5-m
BMW;X6 M;https://ddcar.ru/bmw/x6-m
BMW;Z4 M;https://ddcar.ru/bmw/z4-m
BMW;1-Series;https://ddcar.ru/bmw/1-seriya
BMW;2-Series;https://ddcar.ru/bmw/2-seriya
BMW;2-Series Active Tourer;https://ddcar.ru/bmw/2-seriya-active-tourer
BMW;3-Series;https://ddcar.ru/bmw/3-seriya
BMW;4-Series;https://ddcar.ru/bmw/4-seriya
BMW;5-Series;https://ddcar.ru/bmw/5-seriya
BMW;6-Series;https://ddcar.ru/bmw/6-seriya
BMW;7-Series;https://ddcar.ru/bmw/7-seriya
Chevrolet;;https://ddcar.ru/chevrolet
Chevrolet;Astra;https://ddcar.ru/chevrolet/astra
Chevrolet;Avalanche;https://ddcar.ru/chevrolet/avalanche
Chevrolet;Aveo;https://ddcar.ru/chevrolet/aveo-2
Chevrolet;Blazer;https://ddcar.ru/chevrolet/blazer
Chevrolet;Camaro;https://ddcar.ru/chevrolet/camaro
Chevrolet;Caprice;https://ddcar.ru/chevrolet/caprice
Chevrolet;Captiva;https://ddcar.ru/chevrolet/captiva
Chevrolet;Celta;https://ddcar.ru/chevrolet/celta
Chevrolet;Cobalt;https://ddcar.ru/chevrolet/cobalt
Chevrolet;Colorado;https://ddcar.ru/chevrolet/colorado
Chevrolet;Corsa;https://ddcar.ru/chevrolet/corsa
Chevrolet;Corvette;https://ddcar.ru/chevrolet/corvette
Chevrolet;Cruze;https://ddcar.ru/chevrolet/cruze
Chevrolet;Epica;https://ddcar.ru/chevrolet/epica
Chevrolet;Equinox;https://ddcar.ru/chevrolet/equinox
Chevrolet;Evanda;https://ddcar.ru/chevrolet/evanda
Chevrolet;Express;https://ddcar.ru/chevrolet/express
Chevrolet;HHR;https://ddcar.ru/chevrolet/hhr
Chevrolet;Impala;https://ddcar.ru/chevrolet/impala
Chevrolet;Kalos;https://ddcar.ru/chevrolet/kalos-2
Chevrolet;Lacetti;https://ddcar.ru/chevrolet/lacetti
Chevrolet;Lanos;https://ddcar.ru/chevrolet/lanos
Chevrolet;Lumina;https://ddcar.ru/chevrolet/lumina
Chevrolet;LUV D-MAX;https://ddcar.ru/chevrolet/luv-d-max
Chevrolet;Malibu;https://ddcar.ru/chevrolet/malibu
Chevrolet;Monte Carlo;https://ddcar.ru/chevrolet/monte-carlo
Chevrolet;MW;https://ddcar.ru/chevrolet/mw
Chevrolet;Niva;https://ddcar.ru/chevrolet/niva
Chevrolet;Nubira;https://ddcar.ru/chevrolet/nubira-2
Chevrolet;Omega;https://ddcar.ru/chevrolet/omega
Chevrolet;Orlando;https://ddcar.ru/chevrolet/orlando
Chevrolet;Rezzo;https://ddcar.ru/chevrolet/rezzo
Chevrolet;S-10;https://ddcar.ru/chevrolet/s-10
Chevrolet;Sail;https://ddcar.ru/chevrolet/sail
Chevrolet;Sonic;https://ddcar.ru/chevrolet/sonic
Chevrolet;Spark;https://ddcar.ru/chevrolet/spark
Chevrolet;SSR;https://ddcar.ru/chevrolet/ssr
Chevrolet;Suburban;https://ddcar.ru/chevrolet/suburban
Chevrolet;Tahoe;https://ddcar.ru/chevrolet/tahoe
Chevrolet;Tavera;https://ddcar.ru/chevrolet/tavera
Chevrolet;Tracker;https://ddcar.ru/chevrolet/tracker
Chevrolet;TrailBlazer;https://ddcar.ru/chevrolet/trailblazer
Chevrolet;Trans Sport;https://ddcar.ru/chevrolet/trans-sport
Chevrolet;Traverse;https://ddcar.ru/chevrolet/traverse
Chevrolet;Uplander;https://ddcar.ru/chevrolet/uplander
Chevrolet;Vectra;https://ddcar.ru/chevrolet/vectra
Chevrolet;Venture;https://ddcar.ru/chevrolet/venture
Chevrolet;Viva;https://ddcar.ru/chevrolet/viva
Chevrolet;Volt;https://ddcar.ru/chevrolet/volt
Chevrolet;Zafira;https://ddcar.ru/chevrolet/zafira
Chevrolet;Silverado;https://ddcar.ru/chevrolet/silverado
Chevrolet;Agile;https://ddcar.ru/chevrolet/agile
Chevrolet;Beat;https://ddcar.ru/chevrolet/beat
Chevrolet;Combo;https://ddcar.ru/chevrolet/combo
Chevrolet;Enjoy;https://ddcar.ru/chevrolet/enjoy
Chevrolet;Grand Vitara;https://ddcar.ru/chevrolet/grand-vitara
Chevrolet;Jimny;https://ddcar.ru/chevrolet/jimny
Chevrolet;Lova;https://ddcar.ru/chevrolet/lova
Chevrolet;Matiz;https://ddcar.ru/chevrolet/matiz-2
Chevrolet;Meriva;https://ddcar.ru/chevrolet/meriva
Chevrolet;Montana;https://ddcar.ru/chevrolet/montana
Chevrolet;N200;https://ddcar.ru/chevrolet/n200
Chevrolet;N300;https://ddcar.ru/chevrolet/n300
Chevrolet;Onix;https://ddcar.ru/chevrolet/onix
Chevrolet;Optra;https://ddcar.ru/chevrolet/optra
Chevrolet;Prisma;https://ddcar.ru/chevrolet/prisma
Chevrolet;Spin;https://ddcar.ru/chevrolet/spin
Chevrolet;Tacuma;https://ddcar.ru/chevrolet/tacuma-2
Chevrolet;Tornado;https://ddcar.ru/chevrolet/tornado
Chevrolet;Utility;https://ddcar.ru/chevrolet/utility
Chevrolet;Vitara;https://ddcar.ru/chevrolet/vitara
Chevrolet;Vivant;https://ddcar.ru/chevrolet/vivant
Citroen ;;https://ddcar.ru/citroen
Citroen ;Berlingo;https://ddcar.ru/citroen/berlingo
Citroen ;C-Crosser;https://ddcar.ru/citroen/c-crosser
Citroen ;C-Elysee;https://ddcar.ru/citroen/c-elysee
Citroen ;C1;https://ddcar.ru/citroen/c1
Citroen ;C2;https://ddcar.ru/citroen/c2
Citroen ;C3;https://ddcar.ru/citroen/c3
Citroen ;C3 Picasso;https://ddcar.ru/citroen/c3-picasso
Citroen ;C4 AirCross;https://ddcar.ru/citroen/c4-aircross
Citroen ;C4;https://ddcar.ru/citroen/c4
Citroen ;C4 Picasso;https://ddcar.ru/citroen/c4-picasso
Citroen ;C5;https://ddcar.ru/citroen/c5
Citroen ;C6;https://ddcar.ru/citroen/c6
Citroen ;C8;https://ddcar.ru/citroen/c8
Citroen ;DS3;https://ddcar.ru/citroen/ds3
Citroen ;DS4;https://ddcar.ru/citroen/ds4
Citroen ;DS5;https://ddcar.ru/citroen/ds5
Citroen ;Xantia;https://ddcar.ru/citroen/xantia
Citroen ;XM;https://ddcar.ru/citroen/xm
Citroen ;Xsara Picasso;https://ddcar.ru/citroen/xsara-picasso
Citroen ;Jumpy;https://ddcar.ru/citroen/jumpy
Citroen ;Jumper;https://ddcar.ru/citroen/jumper
Daewoo;;https://ddcar.ru/daewoo
Daewoo;Damas;https://ddcar.ru/daewoo/damas
Daewoo;Evanda;https://ddcar.ru/daewoo/evanda-2
Daewoo;G2X;https://ddcar.ru/daewoo/g2x
Daewoo;Gentra;https://ddcar.ru/daewoo/gentra
Daewoo;Kalos;https://ddcar.ru/daewoo/kalos
Daewoo;Lacetti;https://ddcar.ru/daewoo/lacetti-2
Daewoo;Magnus;https://ddcar.ru/daewoo/magnus
Daewoo;Matiz;https://ddcar.ru/daewoo/matiz
Daewoo;Nexia;https://ddcar.ru/daewoo/nexia
Daewoo;Nubira;https://ddcar.ru/daewoo/nubira
Daewoo;Rezzo;https://ddcar.ru/daewoo/rezzo-2
Daewoo;Tosca;https://ddcar.ru/daewoo/tosca
Daewoo;Winstorm;https://ddcar.ru/daewoo/winstorm
Daewoo;Sens;https://ddcar.ru/daewoo/sens
Dodge;;https://ddcar.ru/dodge
Dodge;Avenger;https://ddcar.ru/dodge/avenger
Dodge;Caliber;https://ddcar.ru/dodge/caliber
Dodge;Caravan;https://ddcar.ru/dodge/caravan
Dodge;Challenger;https://ddcar.ru/dodge/challenger
Dodge;Charger;https://ddcar.ru/dodge/charger
Dodge;Dakota;https://ddcar.ru/dodge/dakota
Dodge;Durango;https://ddcar.ru/dodge/durango
Dodge;Journey;https://ddcar.ru/dodge/journey
Dodge;Magnum;https://ddcar.ru/dodge/magnum
Dodge;Neon;https://ddcar.ru/dodge/neon
Dodge;Nitro;https://ddcar.ru/dodge/nitro
Dodge;Ram;https://ddcar.ru/dodge/ram
Dodge;Stratus;https://ddcar.ru/dodge/stratus
Dodge;Viper;https://ddcar.ru/dodge/viper
Fiat;;https://ddcar.ru/fiat
Fiat;500;https://ddcar.ru/fiat/500
Fiat;500L;https://ddcar.ru/fiat/500l
Fiat;600;https://ddcar.ru/fiat/600
Fiat;Albea;https://ddcar.ru/fiat/albea
Fiat;Bravo;https://ddcar.ru/fiat/bravo
Fiat;Croma;https://ddcar.ru/fiat/croma
Fiat;Doblo;https://ddcar.ru/fiat/doblo
Fiat;Fiorino;https://ddcar.ru/fiat/fiorino
Fiat;Freemont;https://ddcar.ru/fiat/freemont
Fiat;Idea;https://ddcar.ru/fiat/idea
Fiat;Linea;https://ddcar.ru/fiat/linea
Fiat;Multipla;https://ddcar.ru/fiat/multipla
Fiat;Palio;https://ddcar.ru/fiat/palio
Fiat;Panda;https://ddcar.ru/fiat/panda
Fiat;Punto;https://ddcar.ru/fiat/punto
Fiat;Sedici;https://ddcar.ru/fiat/sedici
Fiat;Siena;https://ddcar.ru/fiat/siena
Fiat;Stilo;https://ddcar.ru/fiat/stilo
Fiat;Ulysse;https://ddcar.ru/fiat/ulysse
Fiat;Scudo;https://ddcar.ru/fiat/scudo
Fiat;Ducato;https://ddcar.ru/fiat/ducato
Ford;;https://ddcar.ru/ford
Ford;C-Max;https://ddcar.ru/ford/c-max
Ford;Crown Victoria;https://ddcar.ru/ford/crown-victoria
Ford;EcoSport;https://ddcar.ru/ford/ecosport
Ford;Edge;https://ddcar.ru/ford/edge
Ford;Escape;https://ddcar.ru/ford/escape
Ford;Expedition;https://ddcar.ru/ford/expedition
Ford;Explorer;https://ddcar.ru/ford/explorer
Ford;Fiesta;https://ddcar.ru/ford/fiesta
Ford;Five Hundred;https://ddcar.ru/ford/five-hundred
Ford;Flex;https://ddcar.ru/ford/flex
Ford;Focus;https://ddcar.ru/ford/focus
Ford;Freestyle;https://ddcar.ru/ford/freestyle
Ford;Fusion;https://ddcar.ru/ford/fusion
Ford;Galaxy;https://ddcar.ru/ford/galaxy
Ford;GT;https://ddcar.ru/ford/gt-2
Ford;Ka;https://ddcar.ru/ford/ka
Ford;Kuga;https://ddcar.ru/ford/kuga
Ford;Maverick;https://ddcar.ru/ford/maverick
Ford;Mondeo;https://ddcar.ru/ford/mondeo
Ford;Mustang;https://ddcar.ru/ford/mustang
Ford;Ranger;https://ddcar.ru/ford/ranger
Ford;S-Max;https://ddcar.ru/ford/s-max
Ford;Taurus;https://ddcar.ru/ford/taurus
Ford;Taurus X;https://ddcar.ru/ford/taurus-x
Ford;Tourneo Connect;https://ddcar.ru/ford/tourneo-connect
Ford;Tourneo Custom;https://ddcar.ru/ford/tourneo-custom
Ford;Explorer Sport Trac;https://ddcar.ru/ford/explorer-sport-trac
Ford;Transit Custom;https://ddcar.ru/ford/transit-custom
Ford;E-Series;https://ddcar.ru/ford/e-series
Ford;F-Series;https://ddcar.ru/ford/f-series
Ford;Grand C-Max;https://ddcar.ru/ford/grand-c-max
Ford;Shelby;https://ddcar.ru/ford/shelby
Ford;Transit;https://ddcar.ru/ford/transit
Ford;Transit Connect;https://ddcar.ru/ford/transit-connect
Honda;;https://ddcar.ru/honda
Honda;Accord;https://ddcar.ru/honda/accord
Honda;Airwave;https://ddcar.ru/honda/airwave
Honda;City;https://ddcar.ru/honda/city
Honda;Civic;https://ddcar.ru/honda/civic
Honda;CR-V;https://ddcar.ru/honda/cr-v
Honda;CR-Z;https://ddcar.ru/honda/cr-z
Honda;Crossroad;https://ddcar.ru/honda/crossroad
Honda;Crosstour;https://ddcar.ru/honda/crosstour
Honda;Edix;https://ddcar.ru/honda/edix
Honda;Element;https://ddcar.ru/honda/element
Honda;Elysion;https://ddcar.ru/honda/elysion
Honda;Fit Aria;https://ddcar.ru/honda/fit-aria
Honda;Fit;https://ddcar.ru/honda/fit
Honda;FR-V;https://ddcar.ru/honda/fr-v
Honda;Freed;https://ddcar.ru/honda/freed
Honda;HR-V;https://ddcar.ru/honda/hr-v
Honda;Insight;https://ddcar.ru/honda/insight
Honda;Inspire;https://ddcar.ru/honda/inspire
Honda;Integra;https://ddcar.ru/honda/integra-2
Honda;Jazz;https://ddcar.ru/honda/jazz
Honda;Legend;https://ddcar.ru/honda/legend
Honda;Life;https://ddcar.ru/honda/life
Honda;Mobilio;https://ddcar.ru/honda/mobilio
Honda;Odyssey;https://ddcar.ru/honda/odyssey
Honda;Partner;https://ddcar.ru/honda/partner
Honda;Pilot;https://ddcar.ru/honda/pilot
Honda;Ridgeline;https://ddcar.ru/honda/ridgeline
Honda;S2000;https://ddcar.ru/honda/s2000
Honda;Stepwgn;https://ddcar.ru/honda/stepwgn
Honda;Stream;https://ddcar.ru/honda/stream
Honda;That's;https://ddcar.ru/honda/thats
Honda;Vamos;https://ddcar.ru/honda/vamos
Honda;Fit Shuttle;https://ddcar.ru/honda/fit-shuttle
Honda;Mobilio Spike;https://ddcar.ru/honda/mobilio-spike
Hyundai;;https://ddcar.ru/hyundai
Hyundai;Accent;https://ddcar.ru/hyundai/accent
Hyundai;Avante;https://ddcar.ru/hyundai/avante
Hyundai;Centennial;https://ddcar.ru/hyundai/centennial
Hyundai;Coupe;https://ddcar.ru/hyundai/coupe-2
Hyundai;Elantra;https://ddcar.ru/hyundai/elantra
Hyundai;Equus;https://ddcar.ru/hyundai/equus
Hyundai;Genesis;https://ddcar.ru/hyundai/genesis
Hyundai;Getz;https://ddcar.ru/hyundai/getz
Hyundai;Grandeur;https://ddcar.ru/hyundai/grandeur
Hyundai;i10;https://ddcar.ru/hyundai/i10
Hyundai;i20;https://ddcar.ru/hyundai/i20
Hyundai;i30;https://ddcar.ru/hyundai/i30
Hyundai;i40;https://ddcar.ru/hyundai/i40
Hyundai;ix20;https://ddcar.ru/hyundai/ix20
Hyundai;ix35;https://ddcar.ru/hyundai/ix35
Hyundai;ix55;https://ddcar.ru/hyundai/ix55
Hyundai;Lavita;https://ddcar.ru/hyundai/lavita
Hyundai;Matrix;https://ddcar.ru/hyundai/matrix
Hyundai;Santa Fe;https://ddcar.ru/hyundai/santa-fe
Hyundai;Solaris;https://ddcar.ru/hyundai/solaris
Hyundai;Sonata;https://ddcar.ru/hyundai/sonata
Hyundai;H-1;https://ddcar.ru/hyundai/h-1
Hyundai;Terracan;https://ddcar.ru/hyundai/terracan
Hyundai;Tiburon;https://ddcar.ru/hyundai/tiburon
Hyundai;Trajet;https://ddcar.ru/hyundai/trajet
Hyundai;Tucson;https://ddcar.ru/hyundai/tucson
Hyundai;Tuscani;https://ddcar.ru/hyundai/tuscani
Hyundai;Veloster;https://ddcar.ru/hyundai/veloster
Hyundai;Veracruz;https://ddcar.ru/hyundai/veracruz
Hyundai;Verna;https://ddcar.ru/hyundai/verna
Hyundai;Creta;https://ddcar.ru/hyundai/creta
Hyundai;Entourage;https://ddcar.ru/hyundai/entourage
Hyundai;Amica;https://ddcar.ru/hyundai/amica
Hyundai;Atos Prime;https://ddcar.ru/hyundai/atos-prime
Hyundai;Azera;https://ddcar.ru/hyundai/azera
Hyundai;Click;https://ddcar.ru/hyundai/click
Hyundai;Elantra GT;https://ddcar.ru/hyundai/elantra-gt
Hyundai;Elantra Touring;https://ddcar.ru/hyundai/elantra-touring
Hyundai;Eon;https://ddcar.ru/hyundai/eon
Hyundai;Grand Avega;https://ddcar.ru/hyundai/grand-avega
Hyundai;H-100;https://ddcar.ru/hyundai/h-100
Hyundai;HB20;https://ddcar.ru/hyundai/hb20
Hyundai;i45;https://ddcar.ru/hyundai/i45
Hyundai;i800;https://ddcar.ru/hyundai/i800
Hyundai;iLoad;https://ddcar.ru/hyundai/iload
Hyundai;iMax;https://ddcar.ru/hyundai/imax
Hyundai;NF;https://ddcar.ru/hyundai/nf
Hyundai;Porter;https://ddcar.ru/hyundai/porter
Hyundai;Rohens;https://ddcar.ru/hyundai/rohens
Hyundai;Satellite;https://ddcar.ru/hyundai/satellite
Hyundai;Starex;https://ddcar.ru/hyundai/starex
Hyundai;TB;https://ddcar.ru/hyundai/tb
Hyundai;Trajet XG;https://ddcar.ru/hyundai/trajet-xg
Hyundai;Tucson ix;https://ddcar.ru/hyundai/tucson-ix
Infiniti;;https://ddcar.ru/infiniti
Infiniti;EX-Series;https://ddcar.ru/infiniti/ex-series
Infiniti;FX-Series;https://ddcar.ru/infiniti/fx-series
Infiniti;G-Series;https://ddcar.ru/infiniti/g-series
Infiniti;JX-Series;https://ddcar.ru/infiniti/jx-series
Infiniti;M-Series;https://ddcar.ru/infiniti/m-series
Infiniti;Q45;https://ddcar.ru/infiniti/q45
Infiniti;Q50;https://ddcar.ru/infiniti/q50
Infiniti;Q60;https://ddcar.ru/infiniti/q60
Infiniti;QX-Series;https://ddcar.ru/infiniti/qx-series
Infiniti;QX50;https://ddcar.ru/infiniti/qx50
Infiniti;QX60;https://ddcar.ru/infiniti/qx60
Infiniti;QX70;https://ddcar.ru/infiniti/qx70
Infiniti;QX80;https://ddcar.ru/infiniti/qx80
Infiniti;Q70;https://ddcar.ru/infiniti/q70
Infiniti;I-Series;https://ddcar.ru/infiniti/i-series
Jeep;;https://ddcar.ru/jeep
Jeep;Cherokee;https://ddcar.ru/jeep/cherokee
Jeep;Commander;https://ddcar.ru/jeep/commander
Jeep;Compass;https://ddcar.ru/jeep/compass
Jeep;Grand Cherokee;https://ddcar.ru/jeep/grand-cherokee
Jeep;Liberty;https://ddcar.ru/jeep/liberty
Jeep;Patriot;https://ddcar.ru/jeep/patriot
Jeep;Wrangler;https://ddcar.ru/jeep/wrangler
Jeep;Renegade;https://ddcar.ru/jeep/renegade
Kia;;https://ddcar.ru/kia
Kia;Cadenza;https://ddcar.ru/kia/cadenza
Kia;Carens;https://ddcar.ru/kia/carens
Kia;Carnival;https://ddcar.ru/kia/carnival
Kia;Cee'd;https://ddcar.ru/kia/ceed
Kia;Cerato;https://ddcar.ru/kia/cerato
Kia;Magentis;https://ddcar.ru/kia/magentis
Kia;Opirus;https://ddcar.ru/kia/opirus
Kia;Optima;https://ddcar.ru/kia/optima
Kia;Picanto;https://ddcar.ru/kia/picanto
Kia;Pride;https://ddcar.ru/kia/pride
Kia;Quoris;https://ddcar.ru/kia/quoris
Kia;Ray;https://ddcar.ru/kia/ray
Kia;Rio;https://ddcar.ru/kia/rio
Kia;Sedona;https://ddcar.ru/kia/sedona
Kia;Shuma;https://ddcar.ru/kia/shuma
Kia;Sorento;https://ddcar.ru/kia/sorento
Kia;Soul;https://ddcar.ru/kia/soul
Kia;Spectra;https://ddcar.ru/kia/spectra
Kia;Sportage;https://ddcar.ru/kia/sportage
Kia;Venga;https://ddcar.ru/kia/venga
Kia;Amanti;https://ddcar.ru/kia/amanti
Kia;Bongo;https://ddcar.ru/kia/bongo
Kia;Forte;https://ddcar.ru/kia/forte
Kia;K2;https://ddcar.ru/kia/k2
Kia;K3;https://ddcar.ru/kia/k3
Kia;K5;https://ddcar.ru/kia/k5
Kia;K7;https://ddcar.ru/kia/k7
Kia;K9;https://ddcar.ru/kia/k9
Kia;Lotze;https://ddcar.ru/kia/lotze
Kia;Mohave;https://ddcar.ru/kia/mohave
Kia;Morning;https://ddcar.ru/kia/morning
Kia;Pregio;https://ddcar.ru/kia/pregio
Kia;Rondo;https://ddcar.ru/kia/rondo
Land Rover;;https://ddcar.ru/land-rover
Land Rover;Defender;https://ddcar.ru/land-rover/defender
Land Rover;Discovery;https://ddcar.ru/land-rover/discovery
Land Rover;Freelander;https://ddcar.ru/land-rover/freelander
Land Rover;Range Rover Evoque;https://ddcar.ru/land-rover/range-rover-evoque
Land Rover;Range Rover;https://ddcar.ru/land-rover/range-rover
Land Rover;Range Rover Sport;https://ddcar.ru/land-rover/range-rover-sport
Land Rover;Discovery Sport;https://ddcar.ru/land-rover/discovery-sport
Lexus;;https://ddcar.ru/lexus
Lexus;CT;https://ddcar.ru/lexus/ct
Lexus;ES;https://ddcar.ru/lexus/es
Lexus;GS;https://ddcar.ru/lexus/gs
Lexus;GX;https://ddcar.ru/lexus/gx
Lexus;HS;https://ddcar.ru/lexus/hs
Lexus;IS;https://ddcar.ru/lexus/is
Lexus;LS;https://ddcar.ru/lexus/ls
Lexus;LX;https://ddcar.ru/lexus/lx
Lexus;RC;https://ddcar.ru/lexus/rc
Lexus;RX;https://ddcar.ru/lexus/rx
Lexus;SC;https://ddcar.ru/lexus/sc
Lexus;NX;https://ddcar.ru/lexus/nx
Mazda;;https://ddcar.ru/mazda
Mazda;2;https://ddcar.ru/mazda/2
Mazda;3;https://ddcar.ru/mazda/3
Mazda;323;https://ddcar.ru/mazda/323
Mazda;5;https://ddcar.ru/mazda/5
Mazda;6;https://ddcar.ru/mazda/6
Mazda;Atenza;https://ddcar.ru/mazda/atenza
Mazda;Axela;https://ddcar.ru/mazda/axela
Mazda;AZ-Wagon;https://ddcar.ru/mazda/az-wagon
Mazda;B-Series;https://ddcar.ru/mazda/b-series
Mazda;Biante;https://ddcar.ru/mazda/biante
Mazda;Bongo Friendee;https://ddcar.ru/mazda/bongo-friendee
Mazda;Bongo;https://ddcar.ru/mazda/bongo-2
Mazda;BT-50;https://ddcar.ru/mazda/bt-50
Mazda;Carol;https://ddcar.ru/mazda/carol
Mazda;CX-5;https://ddcar.ru/mazda/cx-5
Mazda;CX-7;https://ddcar.ru/mazda/cx-7
Mazda;CX-9;https://ddcar.ru/mazda/cx-9
Mazda;Demio;https://ddcar.ru/mazda/demio
Mazda;Laputa;https://ddcar.ru/mazda/laputa
Mazda;MPV;https://ddcar.ru/mazda/mpv
Mazda;MX-5;https://ddcar.ru/mazda/mx-5
Mazda;Premacy;https://ddcar.ru/mazda/premacy
Mazda;RX-8;https://ddcar.ru/mazda/rx-8
Mazda;Spiano;https://ddcar.ru/mazda/spiano
Mazda;Tribute;https://ddcar.ru/mazda/tribute
Mazda;Verisa;https://ddcar.ru/mazda/verisa
Mazda;Flair;https://ddcar.ru/mazda/flair
Mazda;Levante;https://ddcar.ru/mazda/levante
Mazda;Titan;https://ddcar.ru/mazda/titan
Mercedes-Benz;;https://ddcar.ru/mercedes-benz
Mercedes-Benz;Citan;https://ddcar.ru/mercedes-benz/citan
Mercedes-Benz;SLS AMG;https://ddcar.ru/mercedes-benz/sls-amg
Mercedes-Benz;Viano;https://ddcar.ru/mercedes-benz/viano
Mercedes-Benz;Vito;https://ddcar.ru/mercedes-benz/vito
Mercedes-Benz;AMG GT;https://ddcar.ru/mercedes-benz/amg-gt
Mercedes-Benz;GLE-Класс;https://ddcar.ru/mercedes-benz/gle-klass
Mercedes-Benz;GLC-Класс;https://ddcar.ru/mercedes-benz/glc-klass
Mercedes-Benz;A-Class;https://ddcar.ru/mercedes-benz/a-klass
Mercedes-Benz;B-Class;https://ddcar.ru/mercedes-benz/b-klass
Mercedes-Benz;CLA-Class;https://ddcar.ru/mercedes-benz/cla-klass
Mercedes-Benz;CLC-Class;https://ddcar.ru/mercedes-benz/clc-klass
Mercedes-Benz;CLK-Класс;https://ddcar.ru/mercedes-benz/clk-klass
Mercedes-Benz;CLS-Class;https://ddcar.ru/mercedes-benz/cls-klass
Mercedes-Benz;CL-Class;https://ddcar.ru/mercedes-benz/cl-klass
Mercedes-Benz;C-Class;https://ddcar.ru/mercedes-benz/c-klass
Mercedes-Benz;E-Class;https://ddcar.ru/mercedes-benz/e-klass
Mercedes-Benz;GLA-Class;https://ddcar.ru/mercedes-benz/gla-klass
Mercedes-Benz;GLK-Class;https://ddcar.ru/mercedes-benz/glk-klass
Mercedes-Benz;GLS-Class;https://ddcar.ru/mercedes-benz/gls-klass
Mercedes-Benz;GL-Class;https://ddcar.ru/mercedes-benz/gl-klass
Mercedes-Benz;G-Class;https://ddcar.ru/mercedes-benz/g-klass
Mercedes-Benz;M-Class;https://ddcar.ru/mercedes-benz/m-klass
Mercedes-Benz;R-Class;https://ddcar.ru/mercedes-benz/r-klass
Mercedes-Benz;SLC-Class;https://ddcar.ru/mercedes-benz/slc-klass
Mercedes-Benz;SLK-Class;https://ddcar.ru/mercedes-benz/slk-klass
Mercedes-Benz;SLR-Class;https://ddcar.ru/mercedes-benz/slr-klass
Mercedes-Benz;SL-Class;https://ddcar.ru/mercedes-benz/sl-klass
Mercedes-Benz;Sprinter;https://ddcar.ru/mercedes-benz/sprinter
Mercedes-Benz;S-Class;https://ddcar.ru/mercedes-benz/s-klass
Mercedes-Benz;V-Class;https://ddcar.ru/mercedes-benz/v-klass
Mitsubishi;;https://ddcar.ru/mitsubishi
Mitsubishi;ASX;https://ddcar.ru/mitsubishi/asx
Mitsubishi;Colt;https://ddcar.ru/mitsubishi/colt
Mitsubishi;Delica;https://ddcar.ru/mitsubishi/delica
Mitsubishi;Dingo;https://ddcar.ru/mitsubishi/dingo
Mitsubishi;Dion;https://ddcar.ru/mitsubishi/dion
Mitsubishi;Eclipse;https://ddcar.ru/mitsubishi/eclipse
Mitsubishi;EK Wagon;https://ddcar.ru/mitsubishi/ek-wagon
Mitsubishi;Endeavor;https://ddcar.ru/mitsubishi/endeavor
Mitsubishi;FTO;https://ddcar.ru/mitsubishi/fto
Mitsubishi;Galant;https://ddcar.ru/mitsubishi/galant
Mitsubishi;Grandis;https://ddcar.ru/mitsubishi/grandis
Mitsubishi;i;https://ddcar.ru/mitsubishi/i
Mitsubishi;i-MiEV;https://ddcar.ru/mitsubishi/i-miev
Mitsubishi;L200;https://ddcar.ru/mitsubishi/l200
Mitsubishi;Lancer Evolution;https://ddcar.ru/mitsubishi/lancer-evolution
Mitsubishi;Lancer;https://ddcar.ru/mitsubishi/lancer
Mitsubishi;Montero;https://ddcar.ru/mitsubishi/montero
Mitsubishi;Outlander;https://ddcar.ru/mitsubishi/outlander
Mitsubishi;Pajero;https://ddcar.ru/mitsubishi/pajero
Mitsubishi;Pajero Mini;https://ddcar.ru/mitsubishi/pajero-mini
Mitsubishi;Pajero Pinin;https://ddcar.ru/mitsubishi/pajero-pinin
Mitsubishi;Pajero Sport;https://ddcar.ru/mitsubishi/pajero-sport
Mitsubishi;Proudia;https://ddcar.ru/mitsubishi/proudia
Mitsubishi;Space Gear;https://ddcar.ru/mitsubishi/space-gear
Mitsubishi;Toppo;https://ddcar.ru/mitsubishi/toppo
Mitsubishi;Town BOX;https://ddcar.ru/mitsubishi/town-box
Nissan;;https://ddcar.ru/nissan
Nissan;350Z;https://ddcar.ru/nissan/350z
Nissan;370Z;https://ddcar.ru/nissan/370z
Nissan;Almera Classic;https://ddcar.ru/nissan/almera-classic
Nissan;Almera;https://ddcar.ru/nissan/almera
Nissan;Almera Tino;https://ddcar.ru/nissan/almera-tino
Nissan;Altima;https://ddcar.ru/nissan/altima
Nissan;Armada;https://ddcar.ru/nissan/armada
Nissan;Bluebird Sylphy;https://ddcar.ru/nissan/bluebird-sylphy
Nissan;Bluebird;https://ddcar.ru/nissan/bluebird
Nissan;Cedric;https://ddcar.ru/nissan/cedric
Nissan;Cima;https://ddcar.ru/nissan/cima
Nissan;Clipper;https://ddcar.ru/nissan/clipper
Nissan;Crew;https://ddcar.ru/nissan/crew
Nissan;Cube;https://ddcar.ru/nissan/cube
Nissan;Dualis;https://ddcar.ru/nissan/dualis
Nissan;Elgrand;https://ddcar.ru/nissan/elgrand
Nissan;Expert;https://ddcar.ru/nissan/expert-2
Nissan;Fairlady Z;https://ddcar.ru/nissan/fairlady-z
Nissan;Fuga;https://ddcar.ru/nissan/fuga
Nissan;GT-R;https://ddcar.ru/nissan/gt-r
Nissan;Juke;https://ddcar.ru/nissan/juke
Nissan;Lafesta;https://ddcar.ru/nissan/lafesta
Nissan;Liberty;https://ddcar.ru/nissan/liberty-2
Nissan;Lucino;https://ddcar.ru/nissan/lucino
Nissan;March;https://ddcar.ru/nissan/march
Nissan;Maxima;https://ddcar.ru/nissan/maxima
Nissan;Micra;https://ddcar.ru/nissan/micra
Nissan;Moco;https://ddcar.ru/nissan/moco
Nissan;Murano;https://ddcar.ru/nissan/murano
Nissan;Navara;https://ddcar.ru/nissan/navara
Nissan;Note;https://ddcar.ru/nissan/note
Nissan;NP300;https://ddcar.ru/nissan/np300
Nissan;NV200;https://ddcar.ru/nissan/nv200
Nissan;Otti;https://ddcar.ru/nissan/otti
Nissan;Pathfinder;https://ddcar.ru/nissan/pathfinder
Nissan;Patrol;https://ddcar.ru/nissan/patrol
Nissan;Pino;https://ddcar.ru/nissan/pino
Nissan;Pixo;https://ddcar.ru/nissan/pixo
Nissan;President;https://ddcar.ru/nissan/president
Nissan;Primera;https://ddcar.ru/nissan/primera
Nissan;Pulsar;https://ddcar.ru/nissan/pulsar
Nissan;Qashqai;https://ddcar.ru/nissan/qashqai
Nissan;Quest;https://ddcar.ru/nissan/quest
Nissan;Rogue;https://ddcar.ru/nissan/rogue
Nissan;Roox;https://ddcar.ru/nissan/roox
Nissan;Safari;https://ddcar.ru/nissan/safari
Nissan;Sentra;https://ddcar.ru/nissan/sentra
Nissan;Serena;https://ddcar.ru/nissan/serena
Nissan;Skyline Crossover;https://ddcar.ru/nissan/skyline-crossover
Nissan;Skyline;https://ddcar.ru/nissan/skyline
Nissan;Stagea;https://ddcar.ru/nissan/stagea
Nissan;Sunny;https://ddcar.ru/nissan/sunny
Nissan;Teana;https://ddcar.ru/nissan/teana
Nissan;Terrano;https://ddcar.ru/nissan/terrano
Nissan;Tiida;https://ddcar.ru/nissan/tiida
Nissan;Tino;https://ddcar.ru/nissan/tino
Nissan;Titan;https://ddcar.ru/nissan/titan-2
Nissan;Versa;https://ddcar.ru/nissan/versa
Nissan;Wingroad;https://ddcar.ru/nissan/wingroad
Nissan;Xterra;https://ddcar.ru/nissan/xterra
Nissan;X-Trail;https://ddcar.ru/nissan/x-trail
Nissan;Primastar;https://ddcar.ru/nissan/primastar
Nissan;Caravan;https://ddcar.ru/nissan/caravan-2
Nissan;NV;https://ddcar.ru/nissan/nv
Nissan;Urvan;https://ddcar.ru/nissan/urvan
Nissan;Qashqai+2;https://ddcar.ru/nissan/qashqai2
Nissan;Aprio;https://ddcar.ru/nissan/aprio
Nissan;Cabstar;https://ddcar.ru/nissan/cabstar
Nissan;Dualis+2;https://ddcar.ru/nissan/dualis2
Nissan;Frontier;https://ddcar.ru/nissan/frontier
Nissan;Interstar;https://ddcar.ru/nissan/interstar
Nissan;Kix;https://ddcar.ru/nissan/kix
Nissan;Kubistar;https://ddcar.ru/nissan/kubistar
Nissan;Latio;https://ddcar.ru/nissan/latio
Nissan;Livina;https://ddcar.ru/nissan/livina
Nissan;NP 200;https://ddcar.ru/nissan/np200
Nissan;NV350;https://ddcar.ru/nissan/nv350
Nissan;NV400;https://ddcar.ru/nissan/nv400
Nissan;Paladin;https://ddcar.ru/nissan/paladin
Nissan;Pick UP;https://ddcar.ru/nissan/pick-up
Nissan;Platina;https://ddcar.ru/nissan/platina
Opel;;https://ddcar.ru/opel
Opel;Adam;https://ddcar.ru/opel/adam
Opel;Agila;https://ddcar.ru/opel/agila
Opel;Ampera;https://ddcar.ru/opel/ampera
Opel;Antara;https://ddcar.ru/opel/antara
Opel;Astra;https://ddcar.ru/opel/astra-2
Opel;Cascada;https://ddcar.ru/opel/cascada
Opel;Combo;https://ddcar.ru/opel/combo-2
Opel;Corsa;https://ddcar.ru/opel/corsa-2
Opel;GT;https://ddcar.ru/opel/gt-3
Opel;Insignia;https://ddcar.ru/opel/insignia
Opel;Meriva;https://ddcar.ru/opel/meriva-2
Opel;Mokka;https://ddcar.ru/opel/mokka
Opel;Signum;https://ddcar.ru/opel/signum
Opel;Tigra;https://ddcar.ru/opel/tigra
Opel;Vectra;https://ddcar.ru/opel/vectra-2
Opel;Zafira;https://ddcar.ru/opel/zafira-2
Opel;Vivaro;https://ddcar.ru/opel/vivaro
Opel;Cabrio;https://ddcar.ru/opel/cabrio
Opel;Movano;https://ddcar.ru/opel/movano
Peugeot;;https://ddcar.ru/peugeot
Peugeot;1007;https://ddcar.ru/peugeot/1007
Peugeot;107;https://ddcar.ru/peugeot/107
Peugeot;2008;https://ddcar.ru/peugeot/2008
Peugeot;205;https://ddcar.ru/peugeot/205
Peugeot;206;https://ddcar.ru/peugeot/206
Peugeot;207;https://ddcar.ru/peugeot/207
Peugeot;208;https://ddcar.ru/peugeot/208
Peugeot;3008;https://ddcar.ru/peugeot/3008
Peugeot;301;https://ddcar.ru/peugeot/301
Peugeot;306;https://ddcar.ru/peugeot/306
Peugeot;307;https://ddcar.ru/peugeot/307
Peugeot;308;https://ddcar.ru/peugeot/308
Peugeot;4007;https://ddcar.ru/peugeot/4007
Peugeot;4008;https://ddcar.ru/peugeot/4008
Peugeot;407;https://ddcar.ru/peugeot/407
Peugeot;408;https://ddcar.ru/peugeot/408
Peugeot;508;https://ddcar.ru/peugeot/508
Peugeot;607;https://ddcar.ru/peugeot/607
Peugeot;807;https://ddcar.ru/peugeot/807
Peugeot;Partner;https://ddcar.ru/peugeot/partner-2
Peugeot;RCZ;https://ddcar.ru/peugeot/rcz
Peugeot;Expert;https://ddcar.ru/peugeot/expert
Peugeot;Boxer;https://ddcar.ru/peugeot/boxer
Porsche;;https://ddcar.ru/porsche
Porsche;911;https://ddcar.ru/porsche/911
Porsche;918;https://ddcar.ru/porsche/918
Porsche;Boxster;https://ddcar.ru/porsche/boxster
Porsche;Carrera GT;https://ddcar.ru/porsche/carrera-gt
Porsche;Cayenne;https://ddcar.ru/porsche/cayenne
Porsche;Cayman;https://ddcar.ru/porsche/cayman
Porsche;Macan;https://ddcar.ru/porsche/macan
Porsche;Panamera;https://ddcar.ru/porsche/panamera
Renault;;https://ddcar.ru/renault
Renault;Captur;https://ddcar.ru/renault/captur
Renault;Clio;https://ddcar.ru/renault/clio
Renault;Duster;https://ddcar.ru/renault/duster
Renault;Espace;https://ddcar.ru/renault/espace
Renault;Fluence;https://ddcar.ru/renault/fluence
Renault;Kangoo;https://ddcar.ru/renault/kangoo
Renault;Koleos;https://ddcar.ru/renault/koleos
Renault;Laguna;https://ddcar.ru/renault/laguna
Renault;Latitude;https://ddcar.ru/renault/latitude
Renault;Logan;https://ddcar.ru/renault/logan
Renault;Megane;https://ddcar.ru/renault/megane
Renault;Modus;https://ddcar.ru/renault/modus
Renault;Safrane;https://ddcar.ru/renault/safrane
Renault;Sandero;https://ddcar.ru/renault/sandero
Renault;Scenic;https://ddcar.ru/renault/scenic
Renault;Symbol;https://ddcar.ru/renault/symbol
Renault;Twingo;https://ddcar.ru/renault/twingo
Renault;Vel Satis;https://ddcar.ru/renault/vel-satis
Renault;Wind;https://ddcar.ru/renault/wind
Renault;Zoe;https://ddcar.ru/renault/zoe
Renault;Trafic;https://ddcar.ru/renault/trafic
Renault;Talisman;https://ddcar.ru/renault/talisman
Renault;Kaptur;https://ddcar.ru/renault/kaptur
Renault;Lutecia;https://ddcar.ru/renault/lutecia
Renault;Master;https://ddcar.ru/renault/master
Renault;Maxity;https://ddcar.ru/renault/maxity
Renault;Pulse;https://ddcar.ru/renault/pulse
Renault;Scala;https://ddcar.ru/renault/scala
Renault;Thalia;https://ddcar.ru/renault/thalia
Skoda;;https://ddcar.ru/skoda
Skoda;Citigo;https://ddcar.ru/skoda/citigo
Skoda;Fabia;https://ddcar.ru/skoda/fabia
Skoda;Octavia;https://ddcar.ru/skoda/octavia
Skoda;Rapid;https://ddcar.ru/skoda/rapid
Skoda;Roomster;https://ddcar.ru/skoda/roomster
Skoda;Superb;https://ddcar.ru/skoda/superb
Skoda;Yeti;https://ddcar.ru/skoda/yeti
Skoda;Praktik;https://ddcar.ru/skoda/praktik
Subaru;;https://ddcar.ru/subaru
Subaru;Baja;https://ddcar.ru/subaru/baja
Subaru;BRZ;https://ddcar.ru/subaru/brz
Subaru;Forester;https://ddcar.ru/subaru/forester
Subaru;Impreza;https://ddcar.ru/subaru/impreza
Subaru;Justy;https://ddcar.ru/subaru/justy
Subaru;Legacy;https://ddcar.ru/subaru/legacy
Subaru;Outback;https://ddcar.ru/subaru/outback
Subaru;Pleo;https://ddcar.ru/subaru/pleo
Subaru;R1;https://ddcar.ru/subaru/r1
Subaru;R2;https://ddcar.ru/subaru/r2
Subaru;Tribeca;https://ddcar.ru/subaru/tribeca
Subaru;Vivio;https://ddcar.ru/subaru/vivio
Subaru;XV;https://ddcar.ru/subaru/xv
Subaru;WRX;https://ddcar.ru/subaru/wrx
Suzuki;;https://ddcar.ru/suzuki
Suzuki;Aerio;https://ddcar.ru/suzuki/aerio
Suzuki;Alto;https://ddcar.ru/suzuki/alto
Suzuki;Cappuccino;https://ddcar.ru/suzuki/cappuccino
Suzuki;Every;https://ddcar.ru/suzuki/every
Suzuki;Forenza;https://ddcar.ru/suzuki/forenza
Suzuki;Grand Vitara;https://ddcar.ru/suzuki/grand-vitara-2
Suzuki;Ignis;https://ddcar.ru/suzuki/ignis
Suzuki;Jimny;https://ddcar.ru/suzuki/jimny-2
Suzuki;Kei;https://ddcar.ru/suzuki/kei
Suzuki;Kizashi;https://ddcar.ru/suzuki/kizashi
Suzuki;Liana;https://ddcar.ru/suzuki/liana
Suzuki;MR Wagon;https://ddcar.ru/suzuki/mr-wagon
Suzuki;Splash;https://ddcar.ru/suzuki/splash
Suzuki;Swift;https://ddcar.ru/suzuki/swift
Suzuki;SX4;https://ddcar.ru/suzuki/sx4
Suzuki;Wagon R;https://ddcar.ru/suzuki/wagon-r
Suzuki;XL7;https://ddcar.ru/suzuki/xl7
Suzuki;Vitara;https://ddcar.ru/suzuki/vitara-2
Toyota;;https://ddcar.ru/toyota
Toyota;4Runner;https://ddcar.ru/toyota/4runner
Toyota;Allex;https://ddcar.ru/toyota/allex
Toyota;Allion;https://ddcar.ru/toyota/allion
Toyota;Alphard;https://ddcar.ru/toyota/alphard
Toyota;Aurion;https://ddcar.ru/toyota/aurion
Toyota;Auris;https://ddcar.ru/toyota/auris
Toyota;Avalon;https://ddcar.ru/toyota/avalon
Toyota;Avensis;https://ddcar.ru/toyota/avensis
Toyota;Aygo;https://ddcar.ru/toyota/aygo
Toyota;bB;https://ddcar.ru/toyota/bb
Toyota;Belta;https://ddcar.ru/toyota/belta
Toyota;Blade;https://ddcar.ru/toyota/blade
Toyota;Brevis;https://ddcar.ru/toyota/brevis
Toyota;Caldina;https://ddcar.ru/toyota/caldina
Toyota;Camry;https://ddcar.ru/toyota/camry
Toyota;Celica;https://ddcar.ru/toyota/celica
Toyota;Celsior;https://ddcar.ru/toyota/celsior
Toyota;Century;https://ddcar.ru/toyota/century
Toyota;Corolla;https://ddcar.ru/toyota/corolla
Toyota;Corolla Rumion;https://ddcar.ru/toyota/corolla-rumion
Toyota;Crown Majesta;https://ddcar.ru/toyota/crown-majesta
Toyota;Crown;https://ddcar.ru/toyota/crown
Toyota;Estima;https://ddcar.ru/toyota/estima
Toyota;FJ Cruiser;https://ddcar.ru/toyota/fj-cruiser
Toyota;Fortuner;https://ddcar.ru/toyota/fortuner
Toyota;Fun Cargo;https://ddcar.ru/toyota/fun-cargo
Toyota;GT 86;https://ddcar.ru/toyota/gt-86
Toyota;Harrier;https://ddcar.ru/toyota/harrier
Toyota;Hiace;https://ddcar.ru/toyota/hiace
Toyota;Highlander;https://ddcar.ru/toyota/highlander
Toyota;Hilux Surf;https://ddcar.ru/toyota/hilux-surf
Toyota;Hilux;https://ddcar.ru/toyota/hilux
Toyota;Innova;https://ddcar.ru/toyota/innova
Toyota;Ipsum;https://ddcar.ru/toyota/ipsum
Toyota;iQ;https://ddcar.ru/toyota/iq
Toyota;Isis;https://ddcar.ru/toyota/isis
Toyota;Ist;https://ddcar.ru/toyota/ist
Toyota;Kluger;https://ddcar.ru/toyota/kluger
Toyota;Land Cruiser;https://ddcar.ru/toyota/land-cruiser
Toyota;Land Cruiser Prado;https://ddcar.ru/toyota/land-cruiser-prado
Toyota;Lite Ace;https://ddcar.ru/toyota/lite-ace
Toyota;Mark II;https://ddcar.ru/toyota/mark-ii
Toyota;Mark X;https://ddcar.ru/toyota/mark-x
Toyota;Mark X Zio;https://ddcar.ru/toyota/mark-x-zio
Toyota;Matrix;https://ddcar.ru/toyota/matrix-2
Toyota;MR2;https://ddcar.ru/toyota/mr2
Toyota;Noah;https://ddcar.ru/toyota/noah
Toyota;Passo;https://ddcar.ru/toyota/passo
Toyota;Passo Sette;https://ddcar.ru/toyota/passo-sette
Toyota;Porte;https://ddcar.ru/toyota/porte
Toyota;Premio;https://ddcar.ru/toyota/premio
Toyota;Previa;https://ddcar.ru/toyota/previa
Toyota;Prius C;https://ddcar.ru/toyota/prius-c
Toyota;Prius;https://ddcar.ru/toyota/prius
Toyota;Prius V;https://ddcar.ru/toyota/prius-v
Toyota;Probox;https://ddcar.ru/toyota/probox
Toyota;Progres;https://ddcar.ru/toyota/progres
Toyota;Ractis;https://ddcar.ru/toyota/ractis
Toyota;Raum;https://ddcar.ru/toyota/raum
Toyota;RAV4;https://ddcar.ru/toyota/rav4
Toyota;Rush;https://ddcar.ru/toyota/rush
Toyota;Sequoia;https://ddcar.ru/toyota/sequoia
Toyota;Sienna;https://ddcar.ru/toyota/sienna
Toyota;Sienta;https://ddcar.ru/toyota/sienta
Toyota;Succeed;https://ddcar.ru/toyota/succeed
Toyota;Tacoma;https://ddcar.ru/toyota/tacoma
Toyota;Town Ace;https://ddcar.ru/toyota/town-ace
Toyota;Tundra;https://ddcar.ru/toyota/tundra
Toyota;Urban Cruiser;https://ddcar.ru/toyota/urban-cruiser
Toyota;Vanguard;https://ddcar.ru/toyota/vanguard
Toyota;Venza;https://ddcar.ru/toyota/venza
Toyota;Verso;https://ddcar.ru/toyota/verso
Toyota;Verso-S;https://ddcar.ru/toyota/verso-s
Toyota;Vios;https://ddcar.ru/toyota/vios
Toyota;Vitz;https://ddcar.ru/toyota/vitz
Toyota;Voxy;https://ddcar.ru/toyota/voxy
Toyota;Wish;https://ddcar.ru/toyota/wish
Toyota;Yaris;https://ddcar.ru/toyota/yaris
Toyota;Yaris Verso;https://ddcar.ru/toyota/yaris-verso
Toyota;Camry Solara;https://ddcar.ru/toyota/camry-solara
Toyota;Corolla Spacio;https://ddcar.ru/toyota/corolla-spacio
Toyota;Corolla Verso;https://ddcar.ru/toyota/corolla-verso
Toyota;86;https://ddcar.ru/toyota/86
Toyota;Avanza;https://ddcar.ru/toyota/avanza
Toyota;Comfort;https://ddcar.ru/toyota/comfort
Toyota;Corolla Axio;https://ddcar.ru/toyota/corolla-axio
Toyota;MR-S;https://ddcar.ru/toyota/mr-s
Toyota;Prius a;https://ddcar.ru/toyota/prius-a
Toyota;Prius Plus;https://ddcar.ru/toyota/prius-plus
Toyota;Rukus;https://ddcar.ru/toyota/rukus
Toyota;Zelas;https://ddcar.ru/toyota/zelas
Volkswagen;;https://ddcar.ru/volkswagen
Volkswagen;Beetle;https://ddcar.ru/volkswagen/beetle
Volkswagen;Caddy;https://ddcar.ru/volkswagen/caddy
Volkswagen;Eos;https://ddcar.ru/volkswagen/eos
Volkswagen;Fox;https://ddcar.ru/volkswagen/fox
Volkswagen;Golf;https://ddcar.ru/volkswagen/golf
Volkswagen;Gol;https://ddcar.ru/volkswagen/gol
Volkswagen;Jetta;https://ddcar.ru/volkswagen/jetta
Volkswagen;Multivan;https://ddcar.ru/volkswagen/multivan
Volkswagen;Passat;https://ddcar.ru/volkswagen/passat
Volkswagen;Passat CC;https://ddcar.ru/volkswagen/passat-cc
Volkswagen;Phaeton;https://ddcar.ru/volkswagen/phaeton
Volkswagen;Pointer;https://ddcar.ru/volkswagen/pointer
Volkswagen;Polo;https://ddcar.ru/volkswagen/polo
Volkswagen;Routan;https://ddcar.ru/volkswagen/routan
Volkswagen;Scirocco;https://ddcar.ru/volkswagen/scirocco
Volkswagen;Sharan;https://ddcar.ru/volkswagen/sharan
Volkswagen;Tiguan;https://ddcar.ru/volkswagen/tiguan
Volkswagen;Touareg;https://ddcar.ru/volkswagen/touareg
Volkswagen;Touran;https://ddcar.ru/volkswagen/touran
Volkswagen;Amarok;https://ddcar.ru/volkswagen/amarok
Volkswagen;California;https://ddcar.ru/volkswagen/california
Volkswagen;Caravelle;https://ddcar.ru/volkswagen/caravelle
Volkswagen;Transporter;https://ddcar.ru/volkswagen/transporter
Volkswagen;Up;https://ddcar.ru/volkswagen/up
Volkswagen;Citi Golf;https://ddcar.ru/volkswagen/citi-golf
Volkswagen;Clasico;https://ddcar.ru/volkswagen/clasico
Volkswagen;Crafter;https://ddcar.ru/volkswagen/crafter
Volkswagen;Lavida;https://ddcar.ru/volkswagen/lavida
Volkswagen;Magotan;https://ddcar.ru/volkswagen/magotan
Volkswagen;New Beetle;https://ddcar.ru/volkswagen/new-beetle
Volkswagen;Parati;https://ddcar.ru/volkswagen/parati
Volkswagen;Rabbit;https://ddcar.ru/volkswagen/rabbit
Volkswagen;Sagitar;https://ddcar.ru/volkswagen/sagitar
Volkswagen;Saveiro;https://ddcar.ru/volkswagen/saveiro
Volkswagen;Suran;https://ddcar.ru/volkswagen/suran
Volkswagen;Voyage;https://ddcar.ru/volkswagen/voyage
Volvo;;https://ddcar.ru/volvo
Volvo;C30;https://ddcar.ru/volvo/c30
Volvo;C70;https://ddcar.ru/volvo/c70
Volvo;S40;https://ddcar.ru/volvo/s40
Volvo;S60;https://ddcar.ru/volvo/s60
Volvo;S80;https://ddcar.ru/volvo/s80
Volvo;S90;https://ddcar.ru/volvo/s90
Volvo;V40;https://ddcar.ru/volvo/v40
Volvo;V50;https://ddcar.ru/volvo/v50
Volvo;V60;https://ddcar.ru/volvo/v60
Volvo;V70;https://ddcar.ru/volvo/v70
Volvo;XC60;https://ddcar.ru/volvo/xc60
Volvo;XC70;https://ddcar.ru/volvo/xc70
Volvo;XC90;https://ddcar.ru/volvo/xc90
